,date,true,predict
5170,2012-02-14,2344.771,2358.7958984375
5171,2012-02-15,2366.702,2351.57080078125
5172,2012-02-16,2356.86,2374.8662109375
5173,2012-02-17,2357.181,2362.284912109375
5174,2012-02-20,2363.597,2359.673828125
5175,2012-02-21,2381.43,2366.71923828125
5176,2012-02-22,2403.587,2387.41064453125
5177,2012-02-23,2409.554,2409.525146484375
5178,2012-02-24,2439.6279999999997,2415.193603515625
5179,2012-02-27,2447.0570000000002,2447.548583984375
5180,2012-02-28,2451.857,2456.101318359375
5181,2012-02-29,2428.487,2461.878173828125
5182,2012-03-01,2426.115,2436.332763671875
5183,2012-03-02,2460.6929999999998,2433.66259765625
5184,2012-03-05,2445.002,2469.5810546875
5185,2012-03-06,2410.445,2452.800048828125
5186,2012-03-07,2394.794,2415.212646484375
5187,2012-03-08,2420.276,2395.7626953125
5188,2012-03-09,2439.462,2420.719970703125
5189,2012-03-12,2434.859,2438.626220703125
5190,2012-03-13,2455.795,2433.345947265625
5191,2012-03-14,2391.23,2455.1396484375
5192,2012-03-15,2373.774,2388.92578125
5193,2012-03-16,2404.736,2370.05859375
5194,2012-03-19,2410.1839999999997,2399.756103515625
5195,2012-03-20,2376.839,2406.255859375
5196,2012-03-21,2378.195,2373.989501953125
5197,2012-03-22,2375.772,2376.123046875
5198,2012-03-23,2349.5389999999998,2372.376220703125
5199,2012-03-26,2350.599,2343.242919921875
5200,2012-03-27,2347.179,2343.26513671875
5201,2012-03-28,2284.881,2338.207275390625
5202,2012-03-29,2252.16,2275.515380859375
5203,2012-03-30,2262.788,2241.64404296875
5204,2012-04-05,2302.241,2250.486328125
5205,2012-04-06,2306.553,2290.81298828125
5206,2012-04-09,2285.777,2297.346435546875
5207,2012-04-10,2305.863,2277.09521484375
5208,2012-04-11,2308.925,2299.125244140625
5209,2012-04-12,2350.864,2305.0908203125
5210,2012-04-13,2359.161,2350.1357421875
5211,2012-04-16,2357.026,2360.060546875
5212,2012-04-17,2334.985,2362.55029296875
5213,2012-04-18,2380.848,2342.88427734375
5214,2012-04-19,2378.634,2391.80224609375
5215,2012-04-20,2406.863,2387.564208984375
5216,2012-04-23,2388.5879999999997,2416.26806640625
5217,2012-04-24,2388.834,2397.9794921875
5218,2012-04-25,2406.813,2397.318359375
5219,2012-04-26,2404.697,2415.18603515625
5220,2012-04-27,2396.3160000000003,2410.78857421875
5221,2012-05-02,2438.436,2400.479248046875
5222,2012-05-03,2440.08,2444.52587890625
5223,2012-05-04,2452.014,2448.46533203125
5224,2012-05-07,2451.947,2460.7021484375
5225,2012-05-08,2448.884,2460.402587890625
5226,2012-05-09,2408.587,2455.439697265625
5227,2012-05-10,2410.23,2412.7578125
5228,2012-05-11,2394.9829999999997,2413.558349609375
5229,2012-05-14,2380.725,2395.953857421875
5230,2012-05-15,2374.843,2379.739013671875
5231,2012-05-16,2346.192,2372.652587890625
5232,2012-05-17,2378.886,2339.63427734375
5233,2012-05-18,2344.52,2372.333740234375
5234,2012-05-21,2348.3,2335.977783203125
5235,2012-05-22,2373.3070000000002,2339.315673828125
5236,2012-05-23,2363.437,2365.47314453125
5237,2012-05-24,2350.973,2357.597900390625
5238,2012-05-25,2333.553,2345.74658203125
5239,2012-05-28,2361.367,2328.659912109375
5240,2012-05-29,2389.636,2358.553955078125
5241,2012-05-30,2384.6679999999997,2389.7919921875
5242,2012-05-31,2372.234,2387.156494140625
5243,2012-06-01,2373.436,2373.630615234375
5244,2012-06-04,2308.55,2375.692138671875
5245,2012-06-05,2311.916,2307.672607421875
5246,2012-06-06,2309.555,2307.554931640625
5247,2012-06-07,2293.13,2304.455322265625
5248,2012-06-08,2281.447,2287.197265625
5249,2012-06-11,2305.856,2275.975830078125
5250,2012-06-12,2289.791,2300.256591796875
5251,2012-06-13,2318.924,2282.361572265625
5252,2012-06-14,2295.946,2312.9208984375
5253,2012-06-15,2306.85,2289.966796875
5254,2012-06-18,2316.052,2301.900634765625
5255,2012-06-19,2300.795,2315.178955078125
5256,2012-06-20,2292.877,2300.94775390625
5257,2012-06-21,2260.877,2292.69384765625
5258,2012-06-25,2224.114,2259.651611328125
5259,2012-06-26,2222.067,2220.7119140625
5260,2012-06-27,2216.9339999999997,2216.6435546875
5261,2012-06-28,2195.843,2210.54052734375
5262,2012-06-29,2225.431,2186.599853515625
5263,2012-07-02,2226.11,2217.359375
5264,2012-07-03,2229.1929999999998,2217.85693359375
5265,2012-07-04,2227.315,2220.86767578125
5266,2012-07-05,2201.353,2220.294921875
5267,2012-07-06,2223.5789999999997,2194.532958984375
5268,2012-07-09,2170.814,2219.832275390625
5269,2012-07-10,2164.437,2167.789794921875
5270,2012-07-11,2175.383,2161.07666015625
5271,2012-07-12,2185.491,2172.71142578125
5272,2012-07-13,2185.895,2183.84912109375
5273,2012-07-16,2147.955,2183.487060546875
5274,2012-07-17,2161.186,2142.8984375
5275,2012-07-18,2169.099,2155.76171875
5276,2012-07-19,2184.841,2163.851806640625
5277,2012-07-20,2168.638,2181.462158203125
5278,2012-07-23,2141.402,2164.58056640625
5279,2012-07-24,2146.589,2138.224853515625
5280,2012-07-25,2136.151,2144.984619140625
5281,2012-07-26,2126.004,2133.86474609375
5282,2012-07-27,2128.765,2122.729248046875
5283,2012-07-30,2109.9139999999998,2125.135986328125
5284,2012-07-31,2103.634,2107.244140625
5285,2012-08-01,2123.36,2099.9609375
5286,2012-08-02,2111.1820000000002,2119.34521484375
5287,2012-08-03,2132.7960000000003,2106.08642578125
5288,2012-08-06,2154.916,2128.65283203125
5289,2012-08-07,2157.62,2154.46533203125
5290,2012-08-08,2160.99,2158.0703125
5291,2012-08-09,2174.1020000000003,2163.63623046875
5292,2012-08-10,2168.814,2179.170654296875
5293,2012-08-13,2136.078,2173.98095703125
5294,2012-08-14,2142.525,2140.319580078125
5295,2012-08-15,2118.945,2146.814453125
5296,2012-08-16,2112.197,2120.791748046875
5297,2012-08-17,2114.891,2112.90283203125
5298,2012-08-20,2106.9570000000003,2113.882568359375
5299,2012-08-21,2118.268,2103.491455078125
5300,2012-08-22,2107.7110000000002,2114.922119140625
5301,2012-08-23,2113.072,2103.424072265625
5302,2012-08-24,2092.104,2108.302734375
5303,2012-08-27,2055.708,2086.7099609375
5304,2012-08-28,2073.154,2049.6396484375
5305,2012-08-29,2053.235,2067.814697265625
5306,2012-08-30,2052.585,2048.012939453125
5307,2012-08-31,2047.5220000000002,2047.689697265625
5308,2012-09-03,2059.147,2042.5093994140625
5309,2012-09-04,2043.649,2054.881103515625
5310,2012-09-05,2037.681,2038.3472900390625
5311,2012-09-06,2051.9179999999997,2031.859130859375
5312,2012-09-07,2127.762,2046.4381103515625
5313,2012-09-10,2134.893,2127.17919921875
5314,2012-09-11,2120.554,2139.280517578125
5315,2012-09-12,2126.554,2125.61474609375
5316,2012-09-13,2110.379,2133.82373046875
5317,2012-09-14,2123.847,2117.778076171875
5318,2012-09-17,2078.5,2131.756591796875
5319,2012-09-18,2059.5429999999997,2083.431396484375
5320,2012-09-19,2067.831,2062.4873046875
5321,2012-09-20,2024.8370000000002,2070.66259765625
5322,2012-09-21,2026.69,2023.9215087890625
5323,2012-09-24,2033.192,2020.417724609375
5324,2012-09-25,2029.293,2024.95068359375
5325,2012-09-26,2004.172,2020.97314453125
5326,2012-09-27,2056.323,1994.97509765625
5327,2012-09-28,2086.169,2049.61865234375
5328,2012-10-08,2074.419,2082.026611328125
5329,2012-10-09,2115.23,2073.384033203125
5330,2012-10-10,2119.942,2119.2734375
5331,2012-10-11,2102.868,2125.872314453125
5332,2012-10-12,2104.9320000000002,2111.58203125
5333,2012-10-15,2098.703,2114.46923828125
5334,2012-10-16,2098.808,2106.830078125
5335,2012-10-17,2105.618,2105.925537109375
5336,2012-10-18,2131.688,2113.29248046875
5337,2012-10-19,2128.302,2138.56982421875
5338,2012-10-22,2132.758,2132.34765625
5339,2012-10-23,2114.447,2136.606689453125
5340,2012-10-24,2115.99,2115.648193359375
5341,2012-10-25,2101.58,2116.3779296875
5342,2012-10-26,2066.209,2102.27783203125
5343,2012-10-29,2058.9429999999998,2064.725830078125
5344,2012-10-30,2062.347,2056.961181640625
5345,2012-10-31,2068.88,2059.79248046875
5346,2012-11-01,2104.428,2066.13671875
5347,2012-11-02,2117.0460000000003,2102.37890625
5348,2012-11-05,2114.027,2115.957763671875
5349,2012-11-06,2105.999,2112.9912109375
5350,2012-11-07,2105.73,2105.5654296875
5351,2012-11-08,2071.509,2105.130126953125
5352,2012-11-09,2069.067,2069.48583984375
5353,2012-11-12,2079.274,2068.243896484375
5354,2012-11-13,2047.889,2079.541015625
5355,2012-11-14,2055.419,2046.8187255859375
5356,2012-11-15,2030.29,2053.90283203125
5357,2012-11-16,2014.725,2025.495361328125
5358,2012-11-19,2016.9820000000002,2007.660400390625
5359,2012-11-20,2008.9229999999998,2008.973876953125
5360,2012-11-21,2030.319,2000.2587890625
5361,2012-11-22,2015.611,2022.5069580078125
5362,2012-11-23,2027.384,2009.6424560546875
5363,2012-11-26,2017.464,2022.72900390625
5364,2012-11-27,1991.165,2013.064208984375
5365,2012-11-28,1973.523,1987.3238525390625
5366,2012-11-29,1963.4879999999998,1968.7335205078125
5367,2012-11-30,1980.1170000000002,1958.8656005859375
5368,2012-12-03,1959.767,1976.60302734375
5369,2012-12-04,1975.1429999999998,1955.1036376953125
5370,2012-12-05,2031.9070000000002,1970.9803466796875
5371,2012-12-06,2029.237,2029.714111328125
5372,2012-12-07,2061.786,2028.7913818359375
5373,2012-12-10,2083.77,2064.07763671875
5374,2012-12-11,2074.7039999999997,2089.706298828125
5375,2012-12-12,2082.726,2083.390869140625
5376,2012-12-13,2061.476,2093.742431640625
5377,2012-12-14,2150.625,2072.09912109375
5378,2012-12-17,2160.342,2165.31494140625
5379,2012-12-18,2162.464,2178.128662109375
5380,2012-12-19,2162.239,2180.72021484375
5381,2012-12-20,2168.353,2176.724609375
5382,2012-12-21,2153.31,2181.2109375
5383,2012-12-24,2159.053,2162.74853515625
5384,2012-12-25,2213.611,2166.3388671875
5385,2012-12-26,2219.132,2223.107177734375
5386,2012-12-27,2205.897,2230.59619140625
5387,2012-12-28,2233.252,2218.289306640625
5388,2012-12-31,2269.1279999999997,2242.830322265625
5389,2013-01-04,2276.992,2278.980712890625
5390,2013-01-07,2285.364,2288.12255859375
5391,2013-01-08,2276.07,2297.52978515625
5392,2013-01-09,2275.34,2287.595947265625
5393,2013-01-10,2283.658,2287.00341796875
5394,2013-01-11,2242.9970000000003,2294.88232421875
5395,2013-01-14,2311.74,2248.828125
5396,2013-01-15,2325.6820000000002,2318.207275390625
5397,2013-01-16,2309.499,2334.675537109375
5398,2013-01-17,2284.909,2317.5380859375
5399,2013-01-18,2317.07,2288.952392578125
5400,2013-01-21,2328.221,2320.243896484375
5401,2013-01-22,2315.139,2331.674072265625
5402,2013-01-23,2320.911,2318.2705078125
5403,2013-01-24,2302.598,2324.2978515625
5404,2013-01-25,2291.304,2305.18115234375
5405,2013-01-28,2346.505,2295.133056640625
5406,2013-01-29,2358.9770000000003,2349.9951171875
5407,2013-01-30,2382.475,2361.86376953125
5408,2013-01-31,2385.422,2388.502685546875
5409,2013-02-01,2419.02,2393.951171875
5410,2013-02-04,2428.154,2428.745361328125
5411,2013-02-05,2433.13,2437.5498046875
5412,2013-02-06,2434.4770000000003,2443.507080078125
5413,2013-02-07,2418.53,2445.343505859375
5414,2013-02-08,2432.402,2429.104248046875
5415,2013-02-18,2421.558,2444.26708984375
5416,2013-02-19,2382.9139999999998,2430.395751953125
5417,2013-02-20,2397.178,2387.20166015625
5418,2013-02-21,2325.951,2398.69677734375
5419,2013-02-22,2314.1639999999998,2322.535888671875
5420,2013-02-25,2325.819,2306.53125
5421,2013-02-26,2293.341,2316.40185546875
5422,2013-02-27,2313.22,2281.510009765625
5423,2013-02-28,2365.593,2301.0908203125
5424,2013-03-01,2359.506,2356.8310546875
5425,2013-03-04,2273.404,2351.736328125
5426,2013-03-05,2326.306,2263.4248046875
5427,2013-03-06,2347.179,2319.796630859375
5428,2013-03-07,2324.2929999999997,2342.219482421875
5429,2013-03-08,2318.611,2322.60107421875
5430,2013-03-11,2310.593,2318.442626953125
5431,2013-03-12,2286.605,2309.7880859375
5432,2013-03-13,2263.968,2285.56396484375
5433,2013-03-14,2270.277,2260.02490234375
5434,2013-03-15,2278.401,2262.7333984375
5435,2013-03-18,2240.016,2270.85107421875
5436,2013-03-19,2257.4339999999997,2234.3359375
5437,2013-03-20,2317.374,2251.12841796875
5438,2013-03-21,2324.242,2312.4794921875
5439,2013-03-22,2328.278,2322.392578125
5440,2013-03-25,2326.715,2328.8330078125
5441,2013-03-26,2297.669,2329.706787109375
5442,2013-03-27,2301.259,2301.104248046875
5443,2013-03-28,2236.302,2306.533447265625
5444,2013-03-29,2236.621,2237.71484375
5445,2013-04-01,2234.395,2235.01025390625
5446,2013-04-02,2227.74,2233.000244140625
5447,2013-04-03,2225.295,2224.905029296875
5448,2013-04-08,2211.592,2218.804443359375
5449,2013-04-09,2225.775,2202.405517578125
5450,2013-04-10,2226.126,2216.50830078125
5451,2013-04-11,2219.553,2216.912841796875
5452,2013-04-12,2206.78,2211.516357421875
5453,2013-04-15,2181.942,2199.238525390625
5454,2013-04-16,2194.846,2176.60546875
5455,2013-04-17,2193.7960000000003,2191.3525390625
5456,2013-04-18,2197.6020000000003,2190.7470703125
5457,2013-04-19,2244.643,2195.841796875
5458,2013-04-22,2242.169,2246.11474609375
5459,2013-04-23,2184.538,2245.340087890625
5460,2013-04-24,2218.3179999999998,2183.98486328125
5461,2013-04-25,2199.3070000000002,2217.537109375
5462,2013-04-26,2177.9120000000003,2197.888427734375
5463,2013-05-02,2174.123,2175.08642578125
5464,2013-05-03,2205.4970000000003,2172.32763671875
5465,2013-05-06,2231.166,2204.769775390625
5466,2013-05-07,2235.575,2233.354248046875
5467,2013-05-08,2246.3,2239.2265625
5468,2013-05-09,2232.971,2248.546875
5469,2013-05-10,2246.831,2234.886962890625
5470,2013-05-13,2241.92,2252.240966796875
5471,2013-05-14,2217.01,2246.319580078125
5472,2013-05-15,2224.797,2220.136474609375
5473,2013-05-16,2251.806,2228.9326171875
5474,2013-05-17,2282.87,2258.2470703125
5475,2013-05-20,2299.986,2290.021484375
5476,2013-05-21,2305.114,2306.98828125
5477,2013-05-22,2302.403,2312.513427734375
5478,2013-05-23,2275.667,2309.376220703125
5479,2013-05-24,2288.533,2280.84130859375
5480,2013-05-27,2293.077,2293.088623046875
5481,2013-05-28,2321.3179999999998,2297.843505859375
5482,2013-05-29,2324.0170000000003,2329.608154296875
5483,2013-05-30,2317.749,2333.174560546875
5484,2013-05-31,2300.595,2325.4775390625
5485,2013-06-03,2299.252,2305.116943359375
5486,2013-06-04,2272.416,2301.504638671875
5487,2013-06-05,2270.931,2271.918701171875
5488,2013-06-06,2242.11,2268.87744140625
5489,2013-06-07,2210.8979999999997,2238.902099609375
5490,2013-06-13,2148.355,2205.19970703125
5491,2013-06-14,2162.041,2138.4111328125
5492,2013-06-17,2156.215,2149.419189453125
5493,2013-06-18,2159.291,2142.054931640625
5494,2013-06-19,2143.4539999999997,2144.851806640625
5495,2013-06-20,2084.021,2129.070556640625
5496,2013-06-21,2073.095,2067.754638671875
5497,2013-06-24,1963.235,2056.087158203125
5498,2013-06-25,1959.5079999999998,1942.66064453125
5499,2013-06-26,1951.495,1937.516357421875
5500,2013-06-27,1950.013,1929.728515625
5501,2013-06-28,1979.2060000000001,1930.0631103515625
5502,2013-07-01,1995.2420000000002,1961.1593017578125
5503,2013-07-02,2006.56,1979.119873046875
5504,2013-07-03,1994.2679999999998,1991.9373779296875
5505,2013-07-04,2006.098,1981.31005859375
5506,2013-07-05,2007.1989999999998,1996.826904296875
5507,2013-07-08,1958.273,2000.8946533203125
5508,2013-07-09,1965.454,1956.147705078125
5509,2013-07-10,2008.126,1966.0054931640625
5510,2013-07-11,2072.991,2011.359375
5511,2013-07-12,2039.486,2082.3671875
5512,2013-07-15,2059.39,2047.4852294921875
5513,2013-07-16,2065.72,2067.156005859375
5514,2013-07-17,2044.922,2072.358154296875
5515,2013-07-18,2023.396,2050.46533203125
5516,2013-07-19,1992.648,2026.666259765625
5517,2013-07-22,2004.7620000000002,1993.1531982421875
5518,2013-07-23,2043.876,2007.3702392578125
5519,2013-07-24,2033.329,2049.46142578125
5520,2013-07-25,2021.174,2037.74658203125
5521,2013-07-26,2010.85,2021.572265625
5522,2013-07-29,1976.306,2010.530029296875
5523,2013-07-30,1990.0639999999999,1973.288330078125
5524,2013-07-31,1993.799,1985.3759765625
5525,2013-08-01,2029.067,1989.4114990234375
5526,2013-08-02,2029.418,2027.4600830078125
5527,2013-08-05,2050.481,2031.0023193359375
5528,2013-08-06,2060.5,2053.710693359375
5529,2013-08-07,2046.7779999999998,2063.57177734375
5530,2013-08-08,2044.895,2050.237060546875
5531,2013-08-09,2052.235,2048.654296875
5532,2013-08-12,2101.283,2056.73095703125
5533,2013-08-13,2106.156,2110.150146484375
5534,2013-08-14,2100.137,2117.06640625
5535,2013-08-15,2081.88,2110.16015625
5536,2013-08-16,2068.452,2088.54443359375
5537,2013-08-19,2085.6020000000003,2072.631591796875
5538,2013-08-20,2072.595,2089.39111328125
5539,2013-08-21,2072.9610000000002,2075.408203125
5540,2013-08-22,2067.124,2075.787109375
5541,2013-08-23,2057.458,2069.5419921875
5542,2013-08-26,2096.474,2058.24365234375
5543,2013-08-27,2103.567,2096.130126953125
5544,2013-08-28,2101.301,2103.130126953125
5545,2013-08-29,2097.2270000000003,2101.845458984375
5546,2013-08-30,2098.382,2099.206787109375
5547,2013-09-02,2098.448,2101.502685546875
5548,2013-09-03,2123.112,2101.076416015625
5549,2013-09-04,2127.618,2127.060791015625
5550,2013-09-05,2122.43,2132.405029296875
5551,2013-09-06,2139.993,2127.531005859375
5552,2013-09-09,2212.516,2146.916259765625
5553,2013-09-10,2237.984,2222.6904296875
5554,2013-09-11,2241.268,2250.296875
5555,2013-09-12,2255.605,2254.713134765625
5556,2013-09-13,2236.217,2270.280517578125
5557,2013-09-16,2231.401,2250.065185546875
5558,2013-09-17,2185.56,2244.234375
5559,2013-09-18,2191.851,2193.642333984375
5560,2013-09-23,2221.044,2197.80712890625
5561,2013-09-24,2207.531,2228.069580078125
5562,2013-09-25,2198.515,2213.5556640625
5563,2013-09-26,2155.8089999999997,2199.843017578125
5564,2013-09-27,2160.027,2151.77734375
5565,2013-09-30,2174.665,2153.57080078125
5566,2013-10-08,2198.199,2167.359619140625
5567,2013-10-09,2211.769,2192.458251953125
5568,2013-10-10,2190.929,2208.186767578125
5569,2013-10-11,2228.146,2190.104248046875
5570,2013-10-14,2237.7729999999997,2230.428955078125
5571,2013-10-15,2233.4120000000003,2240.1044921875
5572,2013-10-16,2193.074,2236.82177734375
5573,2013-10-17,2188.542,2195.3916015625
5574,2013-10-18,2193.78,2191.52880859375
5575,2013-10-21,2229.237,2196.432373046875
5576,2013-10-22,2210.652,2232.072265625
5577,2013-10-23,2183.107,2211.43896484375
5578,2013-10-24,2164.322,2180.954833984375
5579,2013-10-25,2132.955,2161.279296875
5580,2013-10-28,2133.869,2126.5263671875
5581,2013-10-29,2128.864,2125.61572265625
5582,2013-10-30,2160.4629999999997,2120.34619140625
5583,2013-10-31,2141.614,2154.711669921875
5584,2013-11-01,2149.562,2137.0498046875
5585,2013-11-04,2149.634,2145.22021484375
5586,2013-11-05,2157.24,2144.529052734375
5587,2013-11-06,2139.607,2153.1630859375
5588,2013-11-07,2129.4,2136.51513671875
5589,2013-11-08,2106.127,2126.871826171875
5590,2013-11-11,2109.471,2103.959228515625
5591,2013-11-12,2126.772,2107.39013671875
5592,2013-11-13,2087.9410000000003,2124.7666015625
5593,2013-11-14,2100.506,2082.945068359375
5594,2013-11-15,2135.827,2095.46875
5595,2013-11-18,2197.219,2133.192626953125
5596,2013-11-19,2193.125,2198.7802734375
5597,2013-11-20,2206.613,2196.678955078125
5598,2013-11-21,2205.766,2212.7734375
5599,2013-11-22,2196.3779999999997,2214.06591796875
5600,2013-11-25,2186.115,2205.9228515625
5601,2013-11-26,2183.073,2194.85009765625
5602,2013-11-27,2201.07,2190.634521484375
5603,2013-11-28,2219.3720000000003,2210.5595703125
5604,2013-11-29,2220.504,2229.79931640625
5605,2013-12-02,2207.371,2228.792724609375
5606,2013-12-03,2222.67,2210.929931640625
5607,2013-12-04,2251.762,2225.077880859375
5608,2013-12-05,2247.063,2254.978515625
5609,2013-12-06,2237.1079999999997,2250.50244140625
5610,2013-12-09,2238.2,2241.03955078125
5611,2013-12-10,2237.492,2243.509033203125
5612,2013-12-11,2204.166,2243.402587890625
5613,2013-12-12,2202.7960000000003,2207.2265625
5614,2013-12-13,2196.075,2203.3828125
5615,2013-12-16,2160.861,2195.73193359375
5616,2013-12-17,2151.0789999999997,2158.390869140625
5617,2013-12-18,2148.285,2146.146728515625
5618,2013-12-19,2127.792,2140.126953125
5619,2013-12-20,2084.794,2117.787109375
5620,2013-12-23,2089.7070000000003,2072.67041015625
5621,2013-12-24,2092.905,2076.41259765625
5622,2013-12-25,2106.354,2079.454833984375
5623,2013-12-26,2073.099,2095.152587890625
5624,2013-12-27,2101.251,2061.965087890625
5625,2013-12-30,2097.529,2091.647705078125
5626,2013-12-31,2115.978,2090.838134765625
5627,2014-01-02,2109.387,2111.7275390625
5628,2014-01-03,2083.136,2106.410400390625
5629,2014-01-06,2045.7089999999998,2080.254638671875
5630,2014-01-07,2047.317,2042.80419921875
5631,2014-01-08,2044.34,2044.034912109375
5632,2014-01-09,2027.622,2039.8636474609375
5633,2014-01-10,2013.2979999999998,2021.607421875
5634,2014-01-13,2009.5639999999999,2007.17431640625
5635,2014-01-14,2026.842,2002.26123046875
5636,2014-01-15,2023.348,2019.7030029296875
5637,2014-01-16,2023.701,2015.96142578125
5638,2014-01-17,2004.9489999999998,2016.335205078125
5639,2014-01-20,1991.253,1998.7987060546875
5640,2014-01-21,2008.3129999999999,1986.5621337890625
5641,2014-01-22,2051.749,2005.2490234375
5642,2014-01-23,2042.18,2052.04541015625
5643,2014-01-24,2054.3920000000003,2044.185302734375
5644,2014-01-27,2033.3,2058.767333984375
5645,2014-01-28,2038.513,2037.2381591796875
5646,2014-01-29,2049.9139999999998,2041.656982421875
5647,2014-01-30,2033.0829999999999,2052.95703125
5648,2014-02-07,2044.497,2035.11865234375
5649,2014-02-10,2086.067,2047.24755859375
5650,2014-02-11,2103.6710000000003,2092.704345703125
5651,2014-02-12,2109.955,2111.91845703125
5652,2014-02-13,2098.401,2117.43115234375
5653,2014-02-14,2115.848,2104.764404296875
5654,2014-02-17,2135.415,2122.701171875
5655,2014-02-18,2119.0660000000003,2144.803955078125
5656,2014-02-19,2142.554,2128.144775390625
5657,2014-02-20,2138.782,2152.084228515625
5658,2014-02-21,2113.6929999999998,2148.6259765625
5659,2014-02-24,2076.686,2121.2529296875
5660,2014-02-25,2034.219,2079.087646484375
5661,2014-02-26,2041.254,2031.6864013671875
5662,2014-02-27,2047.354,2036.573486328125
5663,2014-02-28,2056.302,2042.3424072265625
5664,2014-03-03,2075.235,2050.21728515625
5665,2014-03-04,2071.473,2068.95166015625
5666,2014-03-05,2053.084,2066.019287109375
5667,2014-03-06,2059.578,2046.4163818359375
5668,2014-03-07,2057.908,2053.081298828125
5669,2014-03-10,1999.065,2052.937744140625
5670,2014-03-11,2001.1570000000002,1994.1026611328125
5671,2014-03-12,1997.692,1998.0233154296875
5672,2014-03-13,2019.111,1994.068603515625
5673,2014-03-14,2004.339,2015.725341796875
5674,2014-03-17,2023.6729999999998,1999.9627685546875
5675,2014-03-18,2025.1960000000001,2018.6358642578125
5676,2014-03-19,2021.734,2020.7451171875
5677,2014-03-20,1993.479,2018.1846923828125
5678,2014-03-21,2047.619,1988.54931640625
5679,2014-03-24,2066.279,2045.0699462890625
5680,2014-03-25,2067.311,2068.60791015625
5681,2014-03-26,2063.67,2072.855712890625
5682,2014-03-27,2046.588,2070.457275390625
5683,2014-03-28,2041.7120000000002,2052.2119140625
5684,2014-03-31,2033.306,2046.9420166015625
5685,2014-04-01,2047.46,2036.572265625
5686,2014-04-02,2058.988,2050.034423828125
5687,2014-04-03,2043.7020000000002,2062.330810546875
5688,2014-04-04,2058.831,2047.466552734375
5689,2014-04-08,2098.284,2060.62353515625
5690,2014-04-09,2105.237,2100.300048828125
5691,2014-04-10,2134.3,2108.261474609375
5692,2014-04-11,2130.542,2140.81005859375
5693,2014-04-14,2131.5389999999998,2139.001708984375
5694,2014-04-15,2101.601,2141.2841796875
5695,2014-04-16,2105.1220000000003,2110.1396484375
5696,2014-04-17,2098.885,2112.269775390625
5697,2014-04-18,2097.748,2103.879638671875
5698,2014-04-21,2065.826,2102.816650390625
5699,2014-04-22,2072.831,2067.98828125
5700,2014-04-23,2067.382,2072.270263671875
5701,2014-04-24,2057.033,2064.433837890625
5702,2014-04-25,2036.519,2051.39990234375
5703,2014-04-28,2003.487,2028.8984375
5704,2014-04-29,2020.3410000000001,1993.6678466796875
5705,2014-04-30,2026.358,2011.5941162109375
5706,2014-05-05,2027.3529999999998,2018.701171875
5707,2014-05-06,2028.0379999999998,2020.169677734375
5708,2014-05-07,2010.0829999999999,2022.2794189453125
5709,2014-05-08,2015.274,2005.462890625
5710,2014-05-09,2011.135,2011.1639404296875
5711,2014-05-12,2052.871,2006.9136962890625
5712,2014-05-13,2050.728,2050.902099609375
5713,2014-05-14,2047.91,2050.913330078125
5714,2014-05-15,2024.974,2050.225830078125
5715,2014-05-16,2026.504,2026.0660400390625
5716,2014-05-19,2005.183,2026.6903076171875
5717,2014-05-20,2008.119,2004.1201171875
5718,2014-05-21,2024.951,2006.391845703125
5719,2014-05-22,2021.285,2024.917724609375
5720,2014-05-23,2034.569,2021.5264892578125
5721,2014-05-26,2041.476,2036.099853515625
5722,2014-05-27,2034.565,2041.728271484375
5723,2014-05-28,2050.228,2033.7120361328125
5724,2014-05-29,2040.595,2051.03125
5725,2014-05-30,2039.2120000000002,2042.6448974609375
5726,2014-06-03,2038.305,2041.9599609375
5727,2014-06-04,2024.8339999999998,2042.0006103515625
5728,2014-06-05,2040.878,2027.522705078125
5729,2014-06-06,2029.9560000000001,2043.15966796875
5730,2014-06-09,2030.5020000000002,2031.3150634765625
5731,2014-06-10,2052.532,2031.0584716796875
5732,2014-06-11,2054.948,2053.432861328125
5733,2014-06-12,2051.7129999999997,2056.652099609375
5734,2014-06-13,2070.715,2052.16943359375
5735,2014-06-16,2085.9829999999997,2072.8310546875
5736,2014-06-17,2066.698,2089.57568359375
5737,2014-06-18,2055.519,2070.391845703125
5738,2014-06-19,2023.735,2059.206298828125
5739,2014-06-20,2026.674,2024.8367919921875
5740,2014-06-23,2024.365,2027.2861328125
5741,2014-06-24,2033.931,2024.3837890625
5742,2014-06-25,2025.5020000000002,2032.70654296875
5743,2014-06-26,2038.6770000000001,2023.345458984375
5744,2014-06-27,2036.51,2036.7342529296875
5745,2014-06-30,2048.327,2033.7039794921875
5746,2014-07-01,2050.381,2045.159423828125
5747,2014-07-02,2059.4179999999997,2048.308837890625
5748,2014-07-03,2063.229,2059.17529296875
5749,2014-07-04,2059.375,2065.66943359375
5750,2014-07-07,2059.927,2062.861572265625
5751,2014-07-08,2064.021,2063.763671875
5752,2014-07-09,2038.612,2067.967529296875
5753,2014-07-10,2038.342,2041.1422119140625
5754,2014-07-11,2046.961,2039.3963623046875
5755,2014-07-14,2066.646,2047.62353515625
5756,2014-07-15,2070.357,2067.722900390625
5757,2014-07-16,2067.276,2071.438720703125
5758,2014-07-17,2055.591,2067.806884765625
5759,2014-07-18,2059.067,2055.3701171875
5760,2014-07-21,2054.479,2058.952880859375
5761,2014-07-22,2075.481,2054.631591796875
5762,2014-07-23,2078.489,2076.453857421875
5763,2014-07-24,2105.062,2081.788818359375
5764,2014-07-25,2126.614,2111.006103515625
5765,2014-07-28,2177.948,2134.37353515625
5766,2014-07-29,2183.192,2188.25048828125
5767,2014-07-30,2181.243,2194.437255859375
5768,2014-07-31,2201.562,2192.95068359375
5769,2014-08-01,2185.303,2214.739013671875
5770,2014-08-04,2223.331,2197.76318359375
5771,2014-08-05,2219.945,2237.6474609375
5772,2014-08-06,2217.465,2233.470703125
5773,2014-08-07,2187.669,2229.9970703125
5774,2014-08-08,2194.425,2196.549072265625
5775,2014-08-11,2224.654,2200.874755859375
5776,2014-08-12,2221.595,2229.185546875
5777,2014-08-13,2222.877,2225.3251953125
5778,2014-08-14,2206.466,2226.444580078125
5779,2014-08-15,2226.734,2208.3857421875
5780,2014-08-18,2239.466,2229.663330078125
5781,2014-08-19,2245.33,2241.955322265625
5782,2014-08-20,2240.2110000000002,2247.79296875
5783,2014-08-21,2230.458,2243.2978515625
5784,2014-08-22,2240.812,2234.44873046875
5785,2014-08-25,2229.274,2245.574951171875
5786,2014-08-26,2207.106,2231.4208984375
5787,2014-08-27,2209.465,2206.705810546875
5788,2014-08-28,2195.8179999999998,2207.979736328125
5789,2014-08-29,2217.2,2193.65869140625
5790,2014-09-01,2235.511,2214.9306640625
5791,2014-09-02,2266.0460000000003,2233.452392578125
5792,2014-09-03,2288.627,2266.13818359375
5793,2014-09-04,2306.862,2291.356201171875
5794,2014-09-05,2326.4320000000002,2312.912353515625
5795,2014-09-09,2326.527,2334.850341796875
5796,2014-09-10,2318.305,2337.0166015625
5797,2014-09-11,2311.679,2329.620361328125
5798,2014-09-12,2331.95,2322.280517578125
5799,2014-09-15,2339.14,2343.68310546875
5800,2014-09-16,2296.555,2350.4951171875
5801,2014-09-17,2307.893,2304.03857421875
5802,2014-09-18,2315.928,2312.17724609375
5803,2014-09-19,2329.451,2317.92578125
5804,2014-09-22,2289.866,2330.74951171875
5805,2014-09-23,2309.718,2287.902099609375
5806,2014-09-24,2343.575,2307.4130859375
5807,2014-09-25,2345.103,2343.885986328125
5808,2014-09-26,2347.718,2347.324462890625
5809,2014-09-29,2357.7110000000002,2350.05712890625
5810,2014-09-30,2363.87,2360.869384765625
5811,2014-10-08,2382.794,2370.239501953125
5812,2014-10-09,2389.371,2390.959228515625
5813,2014-10-10,2374.54,2397.409423828125
5814,2014-10-13,2366.009,2380.956298828125
5815,2014-10-14,2359.475,2372.862060546875
5816,2014-10-15,2373.67,2364.63232421875
5817,2014-10-16,2356.499,2376.341552734375
5818,2014-10-17,2341.1839999999997,2357.418701171875
5819,2014-10-20,2356.728,2340.417724609375
5820,2014-10-21,2339.657,2355.702392578125
5821,2014-10-22,2326.553,2337.24658203125
5822,2014-10-23,2302.4179999999997,2322.2587890625
5823,2014-10-24,2302.28,2296.355712890625
5824,2014-10-27,2290.437,2295.7666015625
5825,2014-10-28,2337.871,2284.059814453125
5826,2014-10-29,2373.03,2333.865478515625
5827,2014-10-30,2391.076,2371.9130859375
5828,2014-10-31,2420.178,2393.125244140625
5829,2014-11-03,2430.032,2426.505859375
5830,2014-11-04,2430.677,2437.8759765625
5831,2014-11-05,2419.254,2440.139404296875
5832,2014-11-06,2425.864,2429.14404296875
5833,2014-11-07,2418.1710000000003,2436.93310546875
5834,2014-11-10,2473.673,2429.108154296875
5835,2014-11-11,2469.673,2487.799560546875
5836,2014-11-12,2494.476,2482.38623046875
5837,2014-11-13,2485.606,2505.953369140625
5838,2014-11-14,2478.824,2494.64453125
5839,2014-11-17,2474.009,2485.435546875
5840,2014-11-18,2456.366,2478.785400390625
5841,2014-11-19,2450.986,2459.691162109375
5842,2014-11-20,2452.66,2453.89990234375
5843,2014-11-21,2486.791,2455.625732421875
5844,2014-11-24,2532.879,2491.6806640625
5845,2014-11-25,2567.597,2538.943115234375
5846,2014-11-26,2604.345,2576.380859375
5847,2014-11-27,2630.486,2615.423095703125
5848,2014-11-28,2682.835,2644.3798828125
5849,2014-12-01,2680.155,2701.193603515625
5850,2014-12-02,2763.545,2700.29443359375
5851,2014-12-03,2779.525,2790.4609375
5852,2014-12-04,2899.4559999999997,2809.980224609375
5853,2014-12-05,2937.647,2939.26806640625
5854,2014-12-08,3020.258,2981.354736328125
5855,2014-12-09,2856.2690000000002,3068.207763671875
5856,2014-12-10,2940.006,2890.520263671875
5857,2014-12-11,2925.743,2971.28564453125
5858,2014-12-12,2938.173,2951.817138671875
5859,2014-12-15,2953.421,2961.033447265625
5860,2014-12-16,3021.518,2974.539794921875
5861,2014-12-17,3061.02,3042.44091796875
5862,2014-12-18,3057.5209999999997,3082.9619140625
5863,2014-12-19,3108.5959999999995,3074.238525390625
5864,2014-12-22,3127.445,3123.26953125
5865,2014-12-23,3032.612,3139.92822265625
5866,2014-12-24,2972.532,3046.748291015625
5867,2014-12-25,3072.5359999999996,2979.997802734375
5868,2014-12-26,3157.603,3082.587646484375
5869,2014-12-29,3168.0159999999996,3173.116943359375
5870,2014-12-30,3165.815,3186.732421875
5871,2014-12-31,3234.677,3181.02392578125
5872,2015-01-05,3350.5190000000002,3250.7197265625
5873,2015-01-06,3351.446,3373.92626953125
5874,2015-01-07,3373.954,3376.014404296875
5875,2015-01-08,3293.4559999999997,3397.54833984375
5876,2015-01-09,3285.4120000000003,3317.23681640625
5877,2015-01-12,3229.316,3310.948974609375
5878,2015-01-13,3235.301,3246.837890625
5879,2015-01-14,3222.437,3243.772705078125
5880,2015-01-15,3336.455,3226.572021484375
5881,2015-01-16,3376.495,3346.206787109375
5882,2015-01-19,3116.3509999999997,3387.326171875
5883,2015-01-20,3173.052,3107.739501953125
5884,2015-01-21,3323.611,3158.521484375
5885,2015-01-22,3343.344,3313.2236328125
5886,2015-01-23,3351.764,3338.83154296875
5887,2015-01-26,3383.1820000000002,3353.554443359375
5888,2015-01-27,3352.96,3394.64990234375
5889,2015-01-28,3305.738,3367.3681640625
5890,2015-01-29,3262.305,3317.55517578125
5891,2015-01-30,3210.363,3262.352783203125
5892,2015-02-02,3128.3,3202.574951171875
5893,2015-02-03,3204.907,3124.9169921875
5894,2015-02-04,3174.1259999999997,3202.994384765625
5895,2015-02-05,3136.531,3160.957275390625
5896,2015-02-06,3075.907,3118.61572265625
5897,2015-02-09,3095.1240000000003,3052.73193359375
5898,2015-02-10,3141.593,3069.899169921875
5899,2015-02-11,3157.704,3118.334228515625
5900,2015-02-12,3173.4159999999997,3139.18994140625
5901,2015-02-13,3203.827,3161.446044921875
5902,2015-02-16,3222.363,3199.90478515625
5903,2015-02-17,3246.906,3227.013671875
5904,2015-02-25,3228.843,3253.318115234375
5905,2015-02-26,3298.3590000000004,3238.03857421875
5906,2015-02-27,3310.303,3313.90234375
5907,2015-03-02,3336.285,3330.437255859375
5908,2015-03-03,3263.052,3358.102783203125
5909,2015-03-04,3279.533,3277.673583984375
5910,2015-03-05,3248.4759999999997,3289.627197265625
5911,2015-03-06,3241.187,3253.887939453125
5912,2015-03-09,3302.408,3242.88671875
5913,2015-03-10,3286.0679999999998,3306.749755859375
5914,2015-03-11,3290.9,3290.32080078125
5915,2015-03-12,3349.323,3297.08740234375
5916,2015-03-13,3372.9109999999996,3355.536865234375
5917,2015-03-16,3449.305,3380.137939453125
5918,2015-03-17,3502.847,3461.384521484375
5919,2015-03-18,3577.301,3523.541748046875
5920,2015-03-19,3582.2709999999997,3605.430419921875
5921,2015-03-20,3617.3179999999998,3615.482421875
5922,2015-03-23,3687.728,3653.66796875
5923,2015-03-24,3691.41,3725.31298828125
5924,2015-03-25,3660.7270000000003,3730.04248046875
5925,2015-03-26,3682.095,3696.10498046875
5926,2015-03-27,3691.0959999999995,3713.7587890625
5927,2015-03-30,3786.5679999999998,3719.607421875
5928,2015-03-31,3747.8990000000003,3814.49169921875
5929,2015-04-01,3810.2940000000003,3770.2001953125
5930,2015-04-02,3825.784,3830.34521484375
5931,2015-04-03,3863.929,3846.771728515625
5932,2015-04-07,3961.3779999999997,3885.804443359375
5933,2015-04-08,3994.8109999999997,3986.248046875
5934,2015-04-09,3957.534,4023.03271484375
5935,2015-04-10,4034.31,3986.552734375
5936,2015-04-13,4121.715,4066.379150390625
5937,2015-04-14,4135.565,4159.1005859375
5938,2015-04-15,4084.163,4171.28515625
5939,2015-04-16,4194.823,4116.47705078125
5940,2015-04-17,4287.295999999999,4228.4443359375
5941,2015-04-20,4217.077,4326.3125
5942,2015-04-21,4293.623,4250.84814453125
5943,2015-04-22,4398.495,4324.22802734375
5944,2015-04-23,4414.508,4431.515625
5945,2015-04-24,4393.686,4452.478515625
5946,2015-04-27,4527.396,4428.125
5947,2015-04-28,4476.214,4563.9033203125
5948,2015-04-29,4476.62,4509.4130859375
5949,2015-04-30,4441.655,4510.9970703125
5950,2015-05-04,4480.464,4467.08740234375
5951,2015-05-05,4298.707,4499.7021484375
5952,2015-05-06,4229.266,4308.484375
5953,2015-05-07,4112.214,4227.255859375
5954,2015-05-08,4205.917,4093.755126953125
5955,2015-05-11,4333.584,4183.9541015625
5956,2015-05-12,4401.219,4316.92138671875
5957,2015-05-13,4375.76,4383.79736328125
5958,2015-05-14,4378.312,4360.24755859375
5959,2015-05-15,4308.691,4366.7109375
5960,2015-05-18,4283.491,4296.765625
5961,2015-05-19,4417.552,4268.58740234375
5962,2015-05-20,4446.288,4418.30859375
5963,2015-05-21,4529.420999999999,4461.357421875
5964,2015-05-22,4657.596,4562.3916015625
5965,2015-05-25,4813.7970000000005,4699.34765625
5966,2015-05-26,4910.897,4860.0732421875
5967,2015-05-27,4941.714,4959.884765625
5968,2015-05-28,4620.266,4994.87353515625
5969,2015-05-29,4611.744000000001,4652.6357421875
5970,2015-06-01,4828.738,4638.23388671875
5971,2015-06-02,4910.527,4864.35009765625
5972,2015-06-03,4909.978,4950.13671875
5973,2015-06-04,4947.102,4947.75830078125
5974,2015-06-05,5023.096,4983.50439453125
5975,2015-06-08,5131.880999999999,5056.79833984375
5976,2015-06-09,5113.534000000001,5163.640625
5977,2015-06-10,5106.036,5136.1796875
5978,2015-06-11,5121.592000000001,5125.1298828125
5979,2015-06-12,5166.35,5156.79443359375
5980,2015-06-15,5062.9929999999995,5211.615234375
5981,2015-06-16,4887.432,5093.41357421875
5982,2015-06-17,4967.898,4894.9853515625
5983,2015-06-18,4785.356,4970.17578125
5984,2015-06-19,4478.3640000000005,4776.80224609375
5985,2015-06-23,4576.492,4447.98876953125
5986,2015-06-24,4690.15,4534.521484375
5987,2015-06-25,4527.779,4645.2763671875
5988,2015-06-26,4192.874,4476.00634765625
5989,2015-06-29,4053.031,4132.0595703125
5990,2015-06-30,4277.222,3986.720703125
5991,2015-07-01,4053.7,4210.30078125
5992,2015-07-02,3912.7670000000003,3990.12109375
5993,2015-07-03,3686.915,3847.30517578125
5994,2015-07-06,3775.9120000000003,3622.776123046875
5995,2015-07-07,3727.125,3716.064453125
5996,2015-07-08,3507.192,3667.113525390625
5997,2015-07-09,3709.33,3444.21923828125
5998,2015-07-10,3877.803,3645.56396484375
5999,2015-07-13,3970.388,3831.502685546875
6000,2015-07-14,3924.487,3945.12841796875
6001,2015-07-15,3805.703,3896.62646484375
6002,2015-07-16,3823.176,3784.671630859375
6003,2015-07-17,3957.3520000000003,3816.156005859375
6004,2015-07-20,3992.11,3971.564453125
6005,2015-07-21,4017.675,4012.85595703125
6006,2015-07-22,4026.045,4050.4541015625
6007,2015-07-23,4123.923,4076.692626953125
6008,2015-07-24,4070.908,4168.73828125
6009,2015-07-27,3725.558,4092.96728515625
6010,2015-07-28,3663.002,3717.642822265625
6011,2015-07-29,3789.1679999999997,3646.122314453125
6012,2015-07-30,3705.7659999999996,3782.554443359375
6013,2015-07-31,3663.7259999999997,3695.204345703125
6014,2015-08-03,3622.905,3646.788818359375
6015,2015-08-04,3756.545,3602.802001953125
6016,2015-08-05,3694.573,3740.919677734375
6017,2015-08-06,3661.539,3675.8125
6018,2015-08-07,3744.205,3635.89990234375
6019,2015-08-10,3928.415,3722.449462890625
6020,2015-08-11,3927.908,3937.08056640625
6021,2015-08-12,3886.32,3950.298828125
6022,2015-08-13,3954.5559999999996,3902.6767578125
6023,2015-08-14,3965.335,3980.51318359375
6024,2015-08-17,3993.6679999999997,3998.148193359375
6025,2015-08-18,3748.164,4029.727294921875
6026,2015-08-19,3794.1090000000004,3762.25537109375
6027,2015-08-20,3664.2909999999997,3803.76123046875
6028,2015-08-21,3507.744,3667.60693359375
6029,2015-08-24,3209.905,3493.013427734375
6030,2015-08-25,2964.967,3177.54833984375
6031,2015-08-26,2927.288,2925.29150390625
6032,2015-08-27,3083.591,2881.26220703125
6033,2015-08-28,3232.35,3032.477294921875
6034,2015-08-31,3205.986,3179.841552734375
6035,2015-09-01,3166.6240000000003,3156.30615234375
6036,2015-09-02,3160.167,3123.8583984375
6037,2015-09-07,3080.42,3121.604736328125
6038,2015-09-08,3170.452,3042.69677734375
6039,2015-09-09,3243.0890000000004,3139.40380859375
6040,2015-09-10,3197.893,3235.721435546875
6041,2015-09-11,3200.2340000000004,3216.822021484375
6042,2015-09-14,3114.798,3229.5419921875
6043,2015-09-15,3005.172,3128.151611328125
6044,2015-09-16,3152.263,2998.484375
6045,2015-09-17,3086.0609999999997,3143.91943359375
6046,2015-09-18,3097.917,3075.8984375
6047,2015-09-21,3156.54,3088.7578125
6048,2015-09-22,3185.619,3156.352783203125
6049,2015-09-23,3115.888,3184.8154296875
6050,2015-09-24,3142.687,3109.15478515625
6051,2015-09-25,3092.347,3139.758056640625
6052,2015-09-28,3100.756,3093.6025390625
6053,2015-09-29,3038.137,3110.711669921875
6054,2015-09-30,3052.781,3050.274169921875
6055,2015-10-08,3143.357,3056.572998046875
6056,2015-10-09,3183.152,3149.017333984375
6057,2015-10-12,3287.6620000000003,3191.098388671875
6058,2015-10-13,3293.23,3298.679443359375
6059,2015-10-14,3262.441,3304.32666015625
6060,2015-10-15,3338.073,3275.622314453125
6061,2015-10-16,3391.3520000000003,3356.5966796875
6062,2015-10-19,3386.7,3416.964111328125
6063,2015-10-20,3425.33,3415.522705078125
6064,2015-10-21,3320.676,3462.83154296875
6065,2015-10-22,3368.739,3351.879638671875
6066,2015-10-23,3412.434,3394.8515625
6067,2015-10-26,3429.5809999999997,3435.213623046875
6068,2015-10-27,3434.336,3446.609130859375
6069,2015-10-28,3375.196,3449.43359375
6070,2015-10-29,3387.315,3386.973388671875
6071,2015-10-30,3382.5609999999997,3393.206787109375
6072,2015-11-02,3325.085,3384.489990234375
6073,2015-11-03,3316.695,3322.85107421875
6074,2015-11-04,3459.64,3312.1220703125
6075,2015-11-05,3522.8190000000004,3463.283935546875
6076,2015-11-06,3590.032,3533.597900390625
6077,2015-11-09,3646.881,3607.073974609375
6078,2015-11-10,3640.485,3668.044677734375
6079,2015-11-11,3650.25,3663.948974609375
6080,2015-11-12,3632.902,3678.052734375
6081,2015-11-13,3580.8390000000004,3660.442626953125
6082,2015-11-16,3606.958,3603.5029296875
6083,2015-11-17,3604.795,3631.27392578125
6084,2015-11-18,3568.468,3627.322021484375
6085,2015-11-19,3617.062,3581.77978515625
6086,2015-11-20,3630.5,3624.891845703125
6087,2015-11-23,3610.315,3634.086181640625
6088,2015-11-24,3616.113,3608.655029296875
6089,2015-11-25,3647.93,3612.6884765625
6090,2015-11-26,3635.552,3645.779296875
6091,2015-11-27,3436.303,3635.21728515625
6092,2015-11-30,3445.405,3429.54736328125
6093,2015-12-01,3456.309,3434.507568359375
6094,2015-12-02,3536.905,3444.41259765625
6095,2015-12-03,3584.824,3530.1669921875
6096,2015-12-04,3524.992,3580.438232421875
6097,2015-12-07,3536.927,3517.420654296875
6098,2015-12-08,3470.07,3530.425048828125
6099,2015-12-09,3472.4390000000003,3458.98388671875
6100,2015-12-10,3455.495,3456.675048828125
6101,2015-12-11,3434.5809999999997,3439.026123046875
6102,2015-12-14,3520.6679999999997,3425.501708984375
6103,2015-12-15,3510.3540000000003,3521.3583984375
6104,2015-12-16,3516.187,3513.048095703125
6105,2015-12-17,3579.9990000000003,3516.1494140625
6106,2015-12-18,3578.9640000000004,3580.765869140625
6107,2015-12-21,3642.472,3584.11279296875
6108,2015-12-22,3651.7670000000003,3652.13671875
6109,2015-12-23,3636.0890000000004,3667.571533203125
6110,2015-12-24,3612.485,3653.259033203125
6111,2015-12-25,3627.914,3627.95849609375
6112,2015-12-28,3533.7790000000005,3643.2490234375
6113,2015-12-29,3563.736,3539.49462890625
6114,2015-12-30,3572.8759999999997,3569.12890625
6115,2015-12-31,3539.1820000000002,3577.949951171875
6116,2016-01-04,3296.258,3538.998291015625
6117,2016-01-05,3287.711,3282.228271484375
6118,2016-01-06,3361.84,3263.772705078125
6119,2016-01-07,3125.002,3335.241943359375
6120,2016-01-08,3186.4120000000003,3090.457763671875
6121,2016-01-11,3016.704,3150.154541015625
6122,2016-01-12,3022.861,2977.571533203125
6123,2016-01-13,2949.597,2982.896240234375
6124,2016-01-14,3007.6490000000003,2907.7763671875
6125,2016-01-15,2900.97,2964.148193359375
6126,2016-01-18,2913.837,2857.34765625
6127,2016-01-19,3007.739,2876.523681640625
6128,2016-01-20,2976.6940000000004,2976.774169921875
6129,2016-01-21,2880.482,2945.502197265625
6130,2016-01-22,2916.562,2856.127685546875
6131,2016-01-25,2938.515,2895.050048828125
6132,2016-01-26,2749.785,2925.06494140625
6133,2016-01-27,2735.558,2733.6044921875
6134,2016-01-28,2655.6609999999996,2717.729736328125
6135,2016-01-29,2737.6,2635.3701171875
6136,2016-02-01,2688.8540000000003,2718.24462890625
6137,2016-02-02,2749.57,2669.6044921875
6138,2016-02-03,2739.2470000000003,2728.1572265625
6139,2016-02-04,2781.0229999999997,2720.030517578125
6140,2016-02-05,2763.492,2770.3740234375
6141,2016-02-15,2746.196,2752.875732421875
6142,2016-02-16,2836.571,2736.3935546875
6143,2016-02-17,2867.3379999999997,2840.939208984375
6144,2016-02-18,2862.893,2884.033447265625
6145,2016-02-19,2860.0209999999997,2885.513916015625
6146,2016-02-22,2927.175,2879.039794921875
6147,2016-02-23,2903.3309999999997,2950.79931640625
6148,2016-02-24,2928.8959999999997,2923.06494140625
6149,2016-02-25,2741.245,2947.449951171875
6150,2016-02-26,2767.21,2745.470458984375
6151,2016-02-29,2687.9790000000003,2767.872802734375
6152,2016-03-01,2733.17,2683.39453125
6153,2016-03-02,2849.6809999999996,2724.80712890625
6154,2016-03-03,2859.758,2843.2548828125
6155,2016-03-04,2874.147,2858.396728515625
6156,2016-03-07,2897.34,2876.56103515625
6157,2016-03-08,2901.387,2900.950439453125
6158,2016-03-09,2862.5559999999996,2905.199462890625
6159,2016-03-10,2804.7259999999997,2865.433837890625
6160,2016-03-11,2810.3070000000002,2811.3876953125
6161,2016-03-14,2859.4990000000003,2817.299072265625
6162,2016-03-15,2864.368,2871.717529296875
6163,2016-03-16,2870.43,2876.675537109375
6164,2016-03-17,2904.8320000000003,2876.567626953125
6165,2016-03-18,2955.15,2909.089599609375
6166,2016-03-21,3018.802,2960.84375
6167,2016-03-22,2999.363,3027.36181640625
6168,2016-03-23,3009.96,3009.70068359375
6169,2016-03-24,2960.97,3021.760986328125
6170,2016-03-25,2979.434,2975.47119140625
6171,2016-03-28,2957.82,2994.345458984375
6172,2016-03-29,2919.8320000000003,2970.996337890625
6173,2016-03-30,3000.645,2929.392578125
6174,2016-03-31,3003.915,3012.620361328125
6175,2016-04-01,3009.53,3014.722412109375
6176,2016-04-05,3053.065,3016.283447265625
6177,2016-04-06,3050.592,3057.7900390625
6178,2016-04-07,3008.42,3053.82470703125
6179,2016-04-08,2984.958,3009.403564453125
6180,2016-04-11,3033.9570000000003,2985.1650390625
6181,2016-04-12,3023.6459999999997,3037.39501953125
6182,2016-04-13,3066.638,3029.14501953125
6183,2016-04-14,3082.362,3078.078857421875
6184,2016-04-15,3078.117,3092.504638671875
6185,2016-04-18,3033.66,3087.288330078125
6186,2016-04-19,3042.823,3039.63134765625
6187,2016-04-20,2972.5840000000003,3043.86669921875
6188,2016-04-21,2952.8909999999996,2968.999755859375
6189,2016-04-22,2959.24,2947.2451171875
6190,2016-04-25,2946.67,2954.448974609375
6191,2016-04-26,2964.7,2938.795166015625
6192,2016-04-27,2953.671,2957.246337890625
6193,2016-04-28,2945.5890000000004,2944.3583984375
6194,2016-04-29,2938.324,2934.969970703125
6195,2016-05-03,2992.643,2927.397705078125
6196,2016-05-04,2991.272,2985.755859375
6197,2016-05-05,2997.842,2986.363037109375
6198,2016-05-06,2913.248,2997.33740234375
6199,2016-05-09,2832.113,2911.394287109375
6200,2016-05-10,2832.591,2825.327880859375
6201,2016-05-11,2837.0370000000003,2824.06494140625
6202,2016-05-12,2835.862,2826.656982421875
6203,2016-05-13,2827.1090000000004,2824.78271484375
6204,2016-05-16,2850.862,2816.0107421875
6205,2016-05-17,2843.684,2840.031982421875
6206,2016-05-18,2807.514,2831.147705078125
6207,2016-05-19,2806.906,2792.286376953125
6208,2016-05-20,2825.4829999999997,2790.87158203125
6209,2016-05-23,2843.645,2814.42236328125
6210,2016-05-24,2821.6659999999997,2840.685546875
6211,2016-05-25,2815.086,2821.314208984375
6212,2016-05-26,2822.4429999999998,2815.25537109375
6213,2016-05-27,2821.046,2823.2490234375
6214,2016-05-30,2822.4509999999996,2821.749755859375
6215,2016-05-31,2916.616,2822.07373046875
6216,2016-06-01,2913.508,2921.052001953125
6217,2016-06-02,2925.2290000000003,2922.349609375
6218,2016-06-03,2938.6820000000002,2935.935302734375
6219,2016-06-06,2934.098,2948.9140625
6220,2016-06-07,2936.045,2943.38427734375
6221,2016-06-08,2927.159,2946.9609375
6222,2016-06-13,2833.071,2938.7470703125
6223,2016-06-14,2842.1890000000003,2839.01513671875
6224,2016-06-15,2887.21,2846.1337890625
6225,2016-06-16,2872.817,2891.93994140625
6226,2016-06-17,2885.105,2872.578369140625
6227,2016-06-20,2888.809,2883.268310546875
6228,2016-06-21,2878.558,2886.310546875
6229,2016-06-22,2905.55,2874.43359375
6230,2016-06-23,2891.96,2903.25830078125
6231,2016-06-24,2854.2859999999996,2888.865234375
6232,2016-06-27,2895.703,2850.1103515625
6233,2016-06-28,2912.5570000000002,2898.18798828125
6234,2016-06-29,2931.592,2917.69677734375
6235,2016-06-30,2929.6059999999998,2936.826904296875
6236,2016-07-01,2932.4759999999997,2935.7119140625
6237,2016-07-04,2988.6040000000003,2938.6513671875
6238,2016-07-05,3006.3920000000003,2997.125
6239,2016-07-06,3017.292,3017.4189453125
6240,2016-07-07,3016.847,3028.279541015625
6241,2016-07-08,2988.094,3029.146484375
6242,2016-07-11,2994.917,2999.7177734375
6243,2016-07-12,3049.381,3004.966552734375
6244,2016-07-13,3060.6890000000003,3060.779052734375
6245,2016-07-14,3054.018,3073.084716796875
6246,2016-07-15,3054.296,3066.691162109375
6247,2016-07-18,3043.5640000000003,3065.894287109375
6248,2016-07-19,3036.598,3051.1875
6249,2016-07-20,3027.9,3041.390380859375
6250,2016-07-21,3039.009,3030.40966796875
6251,2016-07-22,3012.816,3040.808349609375
6252,2016-07-25,3015.827,3014.593994140625
6253,2016-07-26,3050.1659999999997,3017.30712890625
6254,2016-07-27,2991.9990000000003,3050.997314453125
6255,2016-07-28,2994.323,2988.640869140625
6256,2016-07-29,2979.3379999999997,2989.81689453125
6257,2016-08-01,2953.385,2973.34326171875
6258,2016-08-02,2971.278,2945.734130859375
6259,2016-08-03,2978.46,2964.502685546875
6260,2016-08-04,2982.426,2972.09423828125
6261,2016-08-05,2976.696,2976.436279296875
6262,2016-08-08,3004.276,2972.1689453125
6263,2016-08-09,3025.68,3001.61572265625
6264,2016-08-10,3018.745,3023.749755859375
6265,2016-08-11,3002.637,3020.029052734375
6266,2016-08-12,3050.667,3004.036865234375
6267,2016-08-15,3125.195,3055.58740234375
6268,2016-08-16,3110.0359999999996,3137.79736328125
6269,2016-08-17,3109.554,3123.77490234375
6270,2016-08-18,3104.113,3123.46142578125
6271,2016-08-19,3108.1020000000003,3116.439697265625
6272,2016-08-22,3084.805,3120.3564453125
6273,2016-08-23,3089.705,3094.16943359375
6274,2016-08-24,3085.88,3096.475830078125
6275,2016-08-25,3068.329,3092.052734375
6276,2016-08-26,3070.308,3073.824951171875
6277,2016-08-29,3070.027,3072.755126953125
6278,2016-08-30,3074.676,3067.80224609375
6279,2016-08-31,3085.491,3071.87109375
6280,2016-09-01,3063.305,3083.800537109375
6281,2016-09-02,3067.3520000000003,3060.580078125
6282,2016-09-05,3072.095,3064.559814453125
6283,2016-09-06,3090.712,3070.801025390625
6284,2016-09-07,3091.928,3090.863037109375
6285,2016-09-08,3095.954,3092.497802734375
6286,2016-09-09,3078.8540000000003,3098.104736328125
6287,2016-09-12,3021.9770000000003,3080.83447265625
6288,2016-09-13,3023.509,3020.556396484375
6289,2016-09-14,3002.848,3019.927001953125
6290,2016-09-19,3026.051,2996.12353515625
6291,2016-09-20,3022.9990000000003,3020.512939453125
6292,2016-09-21,3025.873,3017.149169921875
6293,2016-09-22,3042.313,3020.114990234375
6294,2016-09-23,3033.895,3037.119384765625
6295,2016-09-26,2980.429,3028.681640625
6296,2016-09-27,2998.172,2973.031982421875
6297,2016-09-28,2987.857,2991.818359375
6298,2016-09-29,2998.482,2983.94775390625
6299,2016-09-30,3004.703,2996.06884765625
6300,2016-10-10,3048.1420000000003,3003.90771484375
6301,2016-10-11,3065.2490000000003,3049.2119140625
6302,2016-10-12,3058.498,3068.355712890625
6303,2016-10-13,3061.345,3062.509765625
6304,2016-10-14,3063.808,3064.607177734375
6305,2016-10-17,3041.1659999999997,3067.718017578125
6306,2016-10-18,3083.875,3046.28466796875
6307,2016-10-19,3084.718,3091.038818359375
6308,2016-10-20,3084.4570000000003,3092.945556640625
6309,2016-10-21,3090.941,3092.943115234375
6310,2016-10-24,3128.2459999999996,3099.8291015625
6311,2016-10-25,3131.938,3136.768310546875
6312,2016-10-26,3116.3109999999997,3139.816650390625
6313,2016-10-27,3112.349,3123.56396484375
6314,2016-10-28,3104.27,3118.81787109375
6315,2016-10-31,3100.492,3109.524169921875
6316,2016-11-01,3122.435,3105.773681640625
6317,2016-11-02,3102.732,3126.810546875
6318,2016-11-03,3128.935,3105.68603515625
6319,2016-11-04,3125.316,3133.10302734375
6320,2016-11-07,3133.3320000000003,3129.4052734375
6321,2016-11-08,3147.887,3135.8720703125
6322,2016-11-09,3128.37,3150.109130859375
6323,2016-11-10,3171.282,3129.926025390625
6324,2016-11-11,3196.0429999999997,3175.2333984375
6325,2016-11-14,3210.3709999999996,3202.840087890625
6326,2016-11-15,3206.985,3220.020263671875
6327,2016-11-16,3205.0570000000002,3216.6220703125
6328,2016-11-17,3208.452,3215.61474609375
6329,2016-11-18,3192.855,3217.72900390625
6330,2016-11-21,3218.147,3200.876220703125
6331,2016-11-22,3248.3509999999997,3226.3232421875
6332,2016-11-23,3241.136,3257.525146484375
6333,2016-11-24,3241.735,3250.692626953125
6334,2016-11-25,3261.937,3249.407470703125
6335,2016-11-28,3276.9990000000003,3268.398193359375
6336,2016-11-29,3282.923,3283.65673828125
6337,2016-11-30,3250.034,3290.246826171875
6338,2016-12-01,3273.309,3256.221923828125
6339,2016-12-02,3243.843,3279.85791015625
6340,2016-12-05,3204.7090000000003,3249.71044921875
6341,2016-12-06,3199.647,3205.997314453125
6342,2016-12-07,3222.241,3197.12451171875
6343,2016-12-08,3215.365,3219.595458984375
6344,2016-12-09,3232.883,3212.42431640625
6345,2016-12-12,3152.97,3229.9453125
6346,2016-12-13,3155.0370000000003,3144.973388671875
6347,2016-12-14,3140.53,3144.975341796875
6348,2016-12-15,3117.677,3130.21923828125
6349,2016-12-16,3122.9809999999998,3104.802490234375
6350,2016-12-19,3118.0840000000003,3110.72607421875
6351,2016-12-20,3102.875,3108.639892578125
6352,2016-12-21,3137.429,3093.664794921875
6353,2016-12-22,3139.558,3129.53857421875
6354,2016-12-23,3110.1540000000005,3132.156494140625
6355,2016-12-26,3122.5690000000004,3101.4541015625
6356,2016-12-27,3114.664,3117.837646484375
6357,2016-12-28,3102.235,3110.68310546875
6358,2016-12-29,3096.0959999999995,3098.4765625
6359,2016-12-30,3103.637,3093.545654296875
6360,2017-01-03,3135.92,3101.1435546875
6361,2017-01-04,3158.7940000000003,3135.861572265625
6362,2017-01-05,3165.41,3162.1162109375
6363,2017-01-06,3154.321,3168.901123046875
6364,2017-01-09,3171.236,3157.82177734375
6365,2017-01-10,3161.671,3176.551025390625
6366,2017-01-11,3136.7529999999997,3166.795166015625
6367,2017-01-12,3119.288,3140.293212890625
6368,2017-01-13,3112.764,3122.25830078125
6369,2017-01-16,3103.428,3115.285400390625
6370,2017-01-17,3108.7740000000003,3104.849609375
6371,2017-01-18,3113.012,3108.04296875
6372,2017-01-19,3101.2990000000004,3110.45849609375
6373,2017-01-20,3123.138,3097.3046875
6374,2017-01-23,3136.7740000000003,3119.923828125
6375,2017-01-24,3142.553,3133.5859375
6376,2017-01-25,3149.554,3140.48291015625
6377,2017-01-26,3159.1659999999997,3150.4130859375
6378,2017-02-03,3140.17,3162.43603515625
6379,2017-02-06,3156.9829999999997,3143.95849609375
6380,2017-02-07,3153.087,3162.676513671875
6381,2017-02-08,3166.9809999999998,3158.7724609375
6382,2017-02-09,3183.179,3173.236328125
6383,2017-02-10,3196.699,3190.369140625
6384,2017-02-13,3216.8390000000004,3203.951171875
6385,2017-02-14,3217.928,3224.39794921875
6386,2017-02-15,3212.985,3225.264404296875
6387,2017-02-16,3229.618,3219.276611328125
6388,2017-02-17,3202.075,3236.546875
6389,2017-02-20,3239.961,3208.621337890625
6390,2017-02-21,3253.325,3248.20556640625
6391,2017-02-22,3261.218,3262.74072265625
6392,2017-02-23,3251.375,3271.037109375
6393,2017-02-24,3253.4320000000002,3259.952880859375
6394,2017-02-27,3228.66,3260.46923828125
6395,2017-02-28,3241.7329999999997,3232.478271484375
6396,2017-03-01,3246.933,3244.84716796875
6397,2017-03-02,3230.028,3249.9541015625
6398,2017-03-03,3218.3109999999997,3231.11474609375
6399,2017-03-06,3233.865,3219.17431640625
6400,2017-03-07,3242.406,3233.357177734375
6401,2017-03-08,3240.664,3241.25146484375
6402,2017-03-09,3216.745,3239.06982421875
6403,2017-03-10,3212.76,3214.310302734375
6404,2017-03-13,3237.0240000000003,3209.81591796875
6405,2017-03-14,3239.327,3236.138916015625
6406,2017-03-15,3241.759,3238.811279296875
6407,2017-03-16,3268.935,3241.23876953125
6408,2017-03-17,3237.447,3270.958251953125
6409,2017-03-20,3250.808,3239.69287109375
6410,2017-03-21,3261.61,3252.80419921875
6411,2017-03-22,3245.219,3263.889404296875
6412,2017-03-23,3248.5490000000004,3246.400390625
6413,2017-03-24,3269.445,3250.861328125
6414,2017-03-27,3266.955,3273.234130859375
6415,2017-03-28,3252.947,3270.00048828125
6416,2017-03-29,3241.3140000000003,3254.770751953125
6417,2017-03-30,3210.236,3241.96337890625
6418,2017-03-31,3222.514,3207.304443359375
6419,2017-04-05,3270.305,3220.52099609375
6420,2017-04-06,3281.0040000000004,3270.5869140625
6421,2017-04-07,3286.616,3282.3818359375
6422,2017-04-10,3269.3920000000003,3289.951416015625
6423,2017-04-11,3288.965,3272.335693359375
6424,2017-04-12,3273.83,3291.754638671875
6425,2017-04-13,3275.96,3276.281005859375
6426,2017-04-14,3246.066,3278.692138671875
6427,2017-04-17,3222.167,3248.112060546875
6428,2017-04-18,3196.7129999999997,3223.691162109375
6429,2017-04-19,3170.6859999999997,3195.519775390625
6430,2017-04-20,3172.1,3164.313720703125
6431,2017-04-21,3173.151,3163.2255859375
6432,2017-04-24,3129.531,3162.88671875
6433,2017-04-25,3134.567,3117.77197265625
6434,2017-04-26,3140.847,3121.859619140625
6435,2017-04-27,3152.1859999999997,3128.405517578125
6436,2017-04-28,3154.658,3140.7490234375
6437,2017-05-02,3143.712,3145.366455078125
6438,2017-05-03,3135.3459999999995,3136.32275390625
6439,2017-05-04,3127.368,3130.022705078125
6440,2017-05-05,3103.0370000000003,3124.105224609375
6441,2017-05-08,3078.612,3098.84521484375
6442,2017-05-09,3080.526,3072.57958984375
6443,2017-05-10,3052.785,3075.58251953125
6444,2017-05-11,3061.5,3046.033447265625
6445,2017-05-12,3083.513,3054.07958984375
6446,2017-05-15,3090.228,3076.107666015625
6447,2017-05-16,3112.9640000000004,3083.271728515625
6448,2017-05-17,3104.441,3108.516357421875
6449,2017-05-18,3090.139,3101.3876953125
6450,2017-05-19,3090.63,3087.732421875
6451,2017-05-22,3075.675,3090.427734375
6452,2017-05-23,3061.947,3076.5556640625
6453,2017-05-24,3064.075,3062.41064453125
6454,2017-05-25,3107.8309999999997,3065.72998046875
6455,2017-05-26,3110.058,3111.9619140625
6456,2017-05-31,3117.177,3113.827880859375
6457,2017-06-01,3102.623,3120.763671875
6458,2017-06-02,3105.54,3103.904296875
6459,2017-06-05,3091.656,3106.568115234375
6460,2017-06-06,3102.1259999999997,3092.48046875
6461,2017-06-07,3140.324,3103.199951171875
6462,2017-06-08,3150.333,3144.518310546875
6463,2017-06-09,3158.4,3157.8056640625
6464,2017-06-12,3139.8759999999997,3167.8115234375
6465,2017-06-13,3153.742,3146.728271484375
6466,2017-06-14,3130.6740000000004,3160.05908203125
6467,2017-06-15,3132.486,3135.2470703125
6468,2017-06-16,3123.1659999999997,3136.475830078125
6469,2017-06-19,3144.373,3126.11474609375
6470,2017-06-20,3140.013,3148.09326171875
6471,2017-06-21,3156.211,3143.444580078125
6472,2017-06-22,3147.453,3158.25634765625
6473,2017-06-23,3157.873,3148.081787109375
6474,2017-06-26,3185.4429999999998,3158.701171875
6475,2017-06-27,3191.196,3188.837646484375
6476,2017-06-28,3173.2009999999996,3195.49560546875
6477,2017-06-29,3188.062,3177.546875
6478,2017-06-30,3192.426,3193.6943359375
6479,2017-07-03,3195.9109999999996,3198.595703125
6480,2017-07-04,3182.803,3201.841552734375
6481,2017-07-05,3207.134,3187.72900390625
6482,2017-07-06,3212.4440000000004,3212.694091796875
6483,2017-07-07,3217.9559999999997,3218.78662109375
6484,2017-07-10,3212.631,3223.83837890625
6485,2017-07-11,3203.0370000000003,3216.392333984375
6486,2017-07-12,3197.5429999999997,3204.828369140625
6487,2017-07-13,3218.163,3199.360107421875
6488,2017-07-14,3222.4159999999997,3220.299560546875
6489,2017-07-17,3176.4640000000004,3224.940185546875
6490,2017-07-18,3187.567,3176.67236328125
6491,2017-07-19,3230.9759999999997,3188.206298828125
6492,2017-07-20,3244.864,3232.75830078125
6493,2017-07-21,3237.9809999999998,3247.416259765625
6494,2017-07-24,3250.598,3240.5546875
6495,2017-07-25,3243.6890000000003,3254.3330078125
6496,2017-07-26,3247.6740000000004,3247.9794921875
6497,2017-07-27,3249.781,3252.39501953125
6498,2017-07-28,3253.24,3253.48681640625
6499,2017-07-31,3273.028,3256.97265625
6500,2017-08-01,3292.638,3280.216552734375
6501,2017-08-02,3285.0559999999996,3301.853271484375
6502,2017-08-03,3272.928,3291.856689453125
6503,2017-08-04,3262.08,3277.5439453125
6504,2017-08-07,3279.4559999999997,3265.29833984375
6505,2017-08-08,3281.8720000000003,3282.34228515625
6506,2017-08-09,3275.573,3284.827392578125
6507,2017-08-10,3261.7490000000003,3278.480224609375
6508,2017-08-11,3208.5409999999997,3263.77490234375
6509,2017-08-14,3237.36,3206.889892578125
6510,2017-08-15,3251.261,3234.229248046875
6511,2017-08-16,3246.4509999999996,3247.60400390625
6512,2017-08-17,3268.429,3242.98583984375
6513,2017-08-18,3268.724,3267.0576171875
6514,2017-08-21,3286.905,3268.511474609375
6515,2017-08-22,3290.225,3287.43408203125
6516,2017-08-23,3287.704,3291.229248046875
6517,2017-08-24,3271.511,3289.12353515625
6518,2017-08-25,3331.522,3273.208740234375
6519,2017-08-28,3362.651,3339.6826171875
6520,2017-08-29,3365.2259999999997,3374.086669921875
6521,2017-08-30,3363.6259999999997,3377.133544921875
6522,2017-08-31,3360.81,3375.57666015625
6523,2017-09-01,3367.119,3371.061279296875
6524,2017-09-04,3379.583,3376.89404296875
6525,2017-09-05,3384.317,3388.74560546875
6526,2017-09-06,3385.388,3393.317626953125
6527,2017-09-07,3365.4970000000003,3394.67822265625
6528,2017-09-08,3365.242,3374.0224609375
6529,2017-09-11,3376.4179999999997,3370.510498046875
6530,2017-09-12,3379.488,3379.19970703125
6531,2017-09-13,3384.147,3381.632080078125
6532,2017-09-14,3371.425,3386.509765625
6533,2017-09-15,3353.619,3373.385498046875
6534,2017-09-18,3362.8579999999997,3353.93310546875
6535,2017-09-19,3356.844,3361.9794921875
6536,2017-09-20,3365.995,3354.94970703125
6537,2017-09-21,3357.812,3363.8466796875
6538,2017-09-22,3352.5290000000005,3356.644775390625
6539,2017-09-25,3341.548,3351.4072265625
6540,2017-09-26,3343.5820000000003,3339.380859375
6541,2017-09-27,3345.2709999999997,3340.3916015625
6542,2017-09-28,3339.6420000000003,3341.603271484375
6543,2017-09-29,3348.9429999999998,3335.949462890625
6544,2017-10-09,3374.3779999999997,3346.71826171875
6545,2017-10-10,3382.987,3374.098876953125
6546,2017-10-11,3388.283,3384.22802734375
6547,2017-10-12,3386.1,3390.34423828125
6548,2017-10-13,3390.5229999999997,3388.880859375
6549,2017-10-16,3378.47,3394.34619140625
6550,2017-10-17,3372.04,3382.64599609375
6551,2017-10-18,3381.7929999999997,3375.76025390625
6552,2017-10-19,3370.172,3385.435302734375
6553,2017-10-20,3378.6479999999997,3373.245849609375
6554,2017-10-23,3380.699,3381.3251953125
6555,2017-10-24,3388.2470000000003,3381.85400390625
6556,2017-10-25,3396.897,3389.038330078125
6557,2017-10-26,3407.567,3397.813720703125
6558,2017-10-27,3416.812,3409.344482421875
6559,2017-10-30,3390.337,3419.385009765625
6560,2017-10-31,3393.341,3392.580322265625
6561,2017-11-01,3395.9120000000003,3395.946044921875
6562,2017-11-02,3383.309,3398.198486328125
6563,2017-11-03,3371.744,3385.120361328125
6564,2017-11-06,3388.1740000000004,3372.743408203125
6565,2017-11-07,3413.574,3389.204345703125
6566,2017-11-08,3415.46,3415.682373046875
6567,2017-11-09,3427.7940000000003,3417.196044921875
6568,2017-11-10,3432.673,3429.5224609375
6569,2017-11-13,3447.835,3434.4150390625
6570,2017-11-14,3429.548,3452.02001953125
6571,2017-11-15,3402.5240000000003,3433.739013671875
6572,2017-11-16,3399.25,3404.90087890625
6573,2017-11-17,3382.907,3401.58154296875
6574,2017-11-20,3392.3979999999997,3384.479736328125
6575,2017-11-21,3410.4970000000003,3393.16259765625
6576,2017-11-22,3430.4640000000004,3410.38037109375
6577,2017-11-23,3351.9179999999997,3431.115478515625
6578,2017-11-24,3353.82,3348.391845703125
6579,2017-11-27,3322.2290000000003,3348.01953125
6580,2017-11-28,3333.657,3313.233642578125
6581,2017-11-29,3337.862,3324.609619140625
6582,2017-11-30,3317.188,3330.699462890625
6583,2017-12-01,3317.617,3309.7294921875
6584,2017-12-04,3309.618,3311.242431640625
6585,2017-12-05,3303.675,3303.07373046875
6586,2017-12-06,3293.9640000000004,3295.60205078125
6587,2017-12-07,3272.054,3284.43408203125
6588,2017-12-08,3289.992,3264.063232421875
6589,2017-12-11,3322.195,3283.830810546875
6590,2017-12-12,3280.813,3319.298583984375
6591,2017-12-13,3303.0370000000003,3276.93701171875
6592,2017-12-14,3292.438,3299.333984375
6593,2017-12-15,3266.137,3289.99169921875
6594,2017-12-18,3267.922,3262.69091796875
6595,2017-12-19,3296.538,3264.777099609375
6596,2017-12-20,3287.605,3295.4755859375
6597,2017-12-21,3300.059,3286.835205078125
6598,2017-12-22,3297.063,3301.61572265625
6599,2017-12-25,3280.461,3297.76611328125
6600,2017-12-26,3306.1240000000003,3279.138671875
6601,2017-12-27,3275.782,3307.51123046875
6602,2017-12-28,3296.384,3275.853515625
6603,2017-12-29,3307.172,3297.1943359375
6604,2018-01-02,3348.325,3310.756591796875
6605,2018-01-03,3369.1079999999997,3354.906494140625
6606,2018-01-04,3385.71,3376.7705078125
6607,2018-01-05,3391.75,3395.151611328125
6608,2018-01-08,3409.4790000000003,3401.74609375
6609,2018-01-09,3413.8990000000003,3421.3037109375
6610,2018-01-10,3421.8340000000003,3426.79736328125
6611,2018-01-11,3425.344,3434.5546875
6612,2018-01-12,3428.94,3439.0693359375
6613,2018-01-15,3410.488,3442.171875
6614,2018-01-16,3436.594,3421.298828125
6615,2018-01-17,3444.671,3445.678466796875
6616,2018-01-18,3474.7540000000004,3452.339599609375
6617,2018-01-19,3487.864,3483.242919921875
6618,2018-01-22,3501.362,3496.83251953125
6619,2018-01-23,3546.5040000000004,3510.614501953125
6620,2018-01-24,3559.465,3558.36279296875
6621,2018-01-25,3548.3070000000002,3572.734375
6622,2018-01-26,3558.1279999999997,3561.495361328125
6623,2018-01-29,3523.0,3571.3251953125
6624,2018-01-30,3488.009,3535.277587890625
6625,2018-01-31,3480.833,3496.296875
6626,2018-02-01,3446.9790000000003,3486.036376953125
6627,2018-02-02,3462.08,3446.822998046875
6628,2018-02-05,3487.4970000000003,3459.431396484375
6629,2018-02-06,3370.652,3484.311767578125
6630,2018-02-07,3309.259,3359.4482421875
6631,2018-02-08,3262.05,3291.554931640625
6632,2018-02-09,3129.85,3240.22998046875
6633,2018-02-12,3154.125,3100.059814453125
6634,2018-02-13,3184.958,3122.52734375
6635,2018-02-14,3199.158,3154.789794921875
6636,2018-02-22,3268.558,3170.649169921875
6637,2018-02-23,3289.0240000000003,3246.263671875
6638,2018-02-26,3329.573,3270.32421875
6639,2018-02-27,3292.067,3314.355712890625
6640,2018-02-28,3259.408,3284.033447265625
6641,2018-03-01,3273.7540000000004,3254.974853515625
6642,2018-03-02,3254.528,3274.11767578125
6643,2018-03-05,3256.926,3262.049560546875
6644,2018-03-06,3289.6409999999996,3265.6015625
6645,2018-03-07,3271.6679999999997,3298.247802734375
6646,2018-03-08,3288.405,3278.181884765625
6647,2018-03-09,3307.165,3291.21875
6648,2018-03-12,3326.699,3309.297119140625
6649,2018-03-13,3310.238,3327.005859375
6650,2018-03-14,3291.381,3311.75146484375
6651,2018-03-15,3291.112,3294.2783203125
6652,2018-03-16,3269.882,3294.009765625
6653,2018-03-19,3279.2509999999997,3273.331787109375
6654,2018-03-20,3290.639,3283.646728515625
6655,2018-03-21,3280.952,3295.02685546875
6656,2018-03-22,3263.48,3285.64892578125
6657,2018-03-23,3152.76,3265.90673828125
6658,2018-03-26,3133.7209999999995,3147.093505859375
6659,2018-03-27,3166.6479999999997,3121.376708984375
6660,2018-03-28,3122.289,3152.921875
6661,2018-03-29,3160.53,3106.54150390625
6662,2018-03-30,3168.8959999999997,3145.908203125
6663,2018-04-02,3163.179,3157.0634765625
6664,2018-04-03,3136.633,3152.474609375
6665,2018-04-04,3131.111,3125.251220703125
6666,2018-04-09,3138.2929999999997,3119.78076171875
6667,2018-04-10,3190.321,3128.2236328125
6668,2018-04-11,3208.0809999999997,3189.36767578125
6669,2018-04-12,3180.158,3212.65234375
6670,2018-04-13,3159.052,3183.20068359375
6671,2018-04-16,3110.6479999999997,3163.1376953125
6672,2018-04-17,3066.796,3110.286865234375
6673,2018-04-18,3091.3979999999997,3061.80126953125
6674,2018-04-19,3117.3759999999997,3086.04345703125
6675,2018-04-20,3071.542,3113.380859375
6676,2018-04-23,3068.012,3066.848388671875
6677,2018-04-24,3128.927,3061.3154296875
6678,2018-04-25,3117.973,3121.755615234375
6679,2018-04-26,3075.03,3110.72265625
6680,2018-04-27,3082.2309999999998,3067.90380859375
6681,2018-05-02,3081.177,3076.95068359375
6682,2018-05-03,3100.8579999999997,3079.2998046875
6683,2018-05-04,3091.033,3103.465087890625
6684,2018-05-07,3136.6440000000002,3092.823486328125
6685,2018-05-08,3161.4970000000003,3139.136474609375
6686,2018-05-09,3159.15,3168.357421875
6687,2018-05-10,3174.4120000000003,3168.2119140625
6688,2018-05-11,3163.263,3181.688720703125
6689,2018-05-14,3174.032,3169.411376953125
6690,2018-05-15,3192.118,3182.413330078125
6691,2018-05-16,3169.565,3201.985107421875
6692,2018-05-17,3154.282,3178.0947265625
6693,2018-05-18,3193.303,3160.7392578125
6694,2018-05-21,3213.84,3202.034423828125
6695,2018-05-22,3214.349,3222.148681640625
6696,2018-05-23,3168.9640000000004,3221.134521484375
6697,2018-05-24,3154.65,3173.3466796875
6698,2018-05-25,3141.303,3156.34326171875
6699,2018-05-28,3135.0820000000003,3141.185302734375
6700,2018-05-29,3120.46,3132.687744140625
6701,2018-05-30,3041.4429999999998,3115.53662109375
6702,2018-05-31,3095.473,3033.119384765625
6703,2018-06-01,3075.137,3088.485595703125
6704,2018-06-04,3091.19,3066.06787109375
6705,2018-06-05,3114.205,3080.865966796875
6706,2018-06-06,3115.18,3105.179443359375
6707,2018-06-07,3109.498,3108.7412109375
6708,2018-06-08,3067.147,3104.814453125
6709,2018-06-11,3052.783,3061.5673828125
6710,2018-06-12,3079.801,3046.240234375
6711,2018-06-13,3049.796,3075.427734375
6712,2018-06-14,3044.159,3048.18359375
6713,2018-06-15,3021.9,3041.287841796875
6714,2018-06-19,2907.822,3017.88330078125
6715,2018-06-20,2915.7309999999998,2897.807861328125
6716,2018-06-21,2875.809,2901.056884765625
6717,2018-06-22,2889.76,2857.5185546875
6718,2018-06-25,2859.336,2869.642822265625
6719,2018-06-26,2844.508,2839.86181640625
6720,2018-06-27,2813.177,2825.356201171875
6721,2018-06-28,2786.8959999999997,2791.760009765625
6722,2018-06-29,2847.4179999999997,2765.6279296875
6723,2018-07-02,2775.5570000000002,2828.282958984375
6724,2018-07-03,2786.887,2756.49755859375
6725,2018-07-04,2759.1259999999997,2773.02490234375
6726,2018-07-05,2733.881,2746.480712890625
6727,2018-07-06,2747.228,2721.400390625
6728,2018-07-09,2815.1090000000004,2735.743408203125
6729,2018-07-10,2827.625,2807.56494140625
6730,2018-07-11,2777.7709999999997,2824.169189453125
6731,2018-07-12,2837.658,2775.315185546875
6732,2018-07-13,2831.183,2840.0810546875
6733,2018-07-16,2814.0409999999997,2832.304931640625
6734,2018-07-17,2798.125,2816.68408203125
6735,2018-07-18,2787.257,2801.13134765625
6736,2018-07-19,2772.545,2790.267333984375
6737,2018-07-20,2829.2709999999997,2777.611083984375
6738,2018-07-23,2859.542,2836.135986328125
6739,2018-07-24,2905.5609999999997,2865.83837890625
6740,2018-07-25,2903.6459999999997,2913.58544921875
6741,2018-07-26,2882.225,2914.6923828125
6742,2018-07-27,2873.593,2890.89990234375
6743,2018-07-30,2869.0490000000004,2880.26611328125
6744,2018-07-31,2876.4,2875.518310546875
6745,2018-08-01,2824.533,2883.660400390625
6746,2018-08-02,2768.0229999999997,2830.38037109375
6747,2018-08-03,2740.442,2770.021484375
6748,2018-08-06,2705.156,2737.12255859375
6749,2018-08-07,2779.3740000000003,2695.765869140625
6750,2018-08-08,2744.0690000000004,2768.1552734375
6751,2018-08-09,2794.381,2731.085205078125
6752,2018-08-10,2795.309,2784.033935546875
6753,2018-08-13,2785.8720000000003,2787.160888671875
6754,2018-08-14,2780.9640000000004,2777.971923828125
6755,2018-08-15,2723.257,2773.884521484375
6756,2018-08-16,2705.191,2716.027587890625
6757,2018-08-17,2668.966,2700.629150390625
6758,2018-08-20,2698.465,2664.75634765625
6759,2018-08-21,2733.8259999999996,2696.427490234375
6760,2018-08-22,2714.6079999999997,2730.823486328125
6761,2018-08-23,2724.6240000000003,2711.052978515625
6762,2018-08-24,2729.43,2719.14990234375
6763,2018-08-27,2780.8990000000003,2722.99072265625
6764,2018-08-28,2777.98,2778.1533203125
6765,2018-08-29,2769.2940000000003,2776.703125
6766,2018-08-30,2737.736,2771.7685546875
6767,2018-08-31,2725.2490000000003,2741.607177734375
6768,2018-09-03,2720.7340000000004,2730.435302734375
6769,2018-09-04,2750.58,2725.463623046875
6770,2018-09-05,2704.336,2754.325927734375
6771,2018-09-06,2691.592,2706.1640625
6772,2018-09-07,2702.3,2691.154296875
6773,2018-09-10,2669.4840000000004,2700.817138671875
6774,2018-09-11,2664.7990000000004,2662.925537109375
6775,2018-09-12,2656.11,2655.64453125
6776,2018-09-13,2686.578,2646.205810546875
6777,2018-09-14,2681.643,2679.0224609375
6778,2018-09-17,2651.788,2676.69189453125
6779,2018-09-18,2699.95,2646.82080078125
6780,2018-09-19,2730.85,2696.34912109375
6781,2018-09-20,2729.243,2732.10400390625
6782,2018-09-21,2797.4840000000004,2732.91552734375
6783,2018-09-25,2781.138,2806.016357421875
6784,2018-09-26,2806.813,2792.52587890625
6785,2018-09-27,2791.7740000000003,2821.344970703125
6786,2018-09-28,2821.35,2805.366943359375
6787,2018-10-08,2716.51,2834.334716796875
6788,2018-10-09,2721.013,2723.363037109375
6789,2018-10-10,2725.836,2727.089599609375
6790,2018-10-11,2583.4570000000003,2728.67041015625
6791,2018-10-12,2606.9120000000003,2576.798583984375
6792,2018-10-15,2568.098,2596.876708984375
6793,2018-10-16,2546.3289999999997,2552.16162109375
6794,2018-10-17,2561.614,2527.0009765625
6795,2018-10-18,2486.4179999999997,2540.95751953125
6796,2018-10-19,2550.465,2463.08349609375
6797,2018-10-22,2654.8759999999997,2527.234619140625
6798,2018-10-23,2594.825,2641.265869140625
6799,2018-10-24,2603.295,2582.898681640625
6800,2018-10-25,2603.799,2593.548828125
6801,2018-10-26,2598.846,2603.151611328125
6802,2018-10-29,2542.103,2599.840087890625
6803,2018-10-30,2568.048,2541.936279296875
6804,2018-10-31,2602.783,2569.595703125
6805,2018-11-01,2606.237,2605.064208984375
6806,2018-11-02,2676.4759999999997,2613.825927734375
6807,2018-11-05,2665.43,2684.958740234375
6808,2018-11-06,2659.3559999999998,2668.470458984375
6809,2018-11-07,2641.342,2664.041259765625
6810,2018-11-08,2635.632,2645.28857421875
6811,2018-11-09,2598.871,2639.330322265625
6812,2018-11-12,2630.5190000000002,2601.368408203125
6813,2018-11-13,2654.8790000000004,2637.377685546875
6814,2018-11-14,2632.242,2663.886962890625
6815,2018-11-15,2668.17,2638.297119140625
6816,2018-11-16,2679.1090000000004,2674.3564453125
6817,2018-11-19,2703.511,2683.385986328125
6818,2018-11-20,2645.8540000000003,2708.47900390625
6819,2018-11-21,2651.505,2647.685791015625
6820,2018-11-22,2645.433,2652.511962890625
6821,2018-11-23,2579.4829999999997,2646.306396484375
6822,2018-11-26,2575.81,2578.19775390625
6823,2018-11-27,2574.679,2571.45263671875
6824,2018-11-28,2601.736,2568.4169921875
6825,2018-11-29,2567.4429999999998,2596.679931640625
6826,2018-11-30,2588.187,2560.57958984375
6827,2018-12-03,2654.798,2580.75048828125
6828,2018-12-04,2665.9570000000003,2649.05322265625
6829,2018-12-05,2649.805,2664.61279296875
6830,2018-12-06,2605.181,2650.032958984375
6831,2018-12-07,2605.887,2603.39990234375
6832,2018-12-10,2584.5820000000003,2607.7998046875
6833,2018-12-11,2594.0879999999997,2586.635009765625
6834,2018-12-12,2602.152,2596.271728515625
6835,2018-12-13,2634.0490000000004,2603.551513671875
6836,2018-12-14,2593.74,2637.884033203125
6837,2018-12-17,2597.973,2595.70947265625
6838,2018-12-18,2576.649,2594.666015625
6839,2018-12-19,2549.563,2570.44677734375
6840,2018-12-20,2536.2670000000003,2541.1201171875
6841,2018-12-21,2516.25,2528.906982421875
6842,2018-12-24,2527.007,2508.535888671875
6843,2018-12-25,2504.819,2520.786376953125
6844,2018-12-26,2498.2929999999997,2498.4482421875
6845,2018-12-27,2483.0860000000002,2490.598388671875
6846,2018-12-28,2493.896,2473.36279296875
6847,2019-01-02,2465.291,2484.96484375
6848,2019-01-03,2464.362,2455.920654296875
6849,2019-01-04,2514.868,2454.485107421875
6850,2019-01-07,2533.0879999999997,2508.9287109375
6851,2019-01-08,2526.462,2530.387939453125
6852,2019-01-09,2544.344,2525.814453125
6853,2019-01-10,2535.098,2546.018798828125
6854,2019-01-11,2553.831,2538.110107421875
6855,2019-01-14,2535.765,2559.76904296875
6856,2019-01-15,2570.344,2541.7783203125
6857,2019-01-16,2570.422,2578.03173828125
6858,2019-01-17,2559.637,2579.8466796875
6859,2019-01-18,2596.005,2568.86474609375
6860,2019-01-21,2610.509,2604.151611328125
6861,2019-01-22,2579.7039999999997,2617.9072265625
6862,2019-01-23,2581.004,2585.634033203125
6863,2019-01-24,2591.6929999999998,2585.99951171875
6864,2019-01-25,2601.723,2596.870361328125
6865,2019-01-28,2596.976,2607.10302734375
6866,2019-01-29,2594.2529999999997,2602.872802734375
6867,2019-01-30,2575.575,2598.492919921875
6868,2019-01-31,2584.572,2577.87060546875
6869,2019-02-01,2618.232,2587.3837890625
6870,2019-02-11,2653.8959999999997,2621.160888671875
6871,2019-02-12,2671.893,2658.058837890625
6872,2019-02-13,2721.0679999999998,2679.51708984375
6873,2019-02-14,2719.699,2733.093994140625
6874,2019-02-15,2682.385,2733.0498046875
6875,2019-02-18,2754.3559999999998,2692.92578125
6876,2019-02-19,2755.645,2767.91455078125
6877,2019-02-20,2761.218,2770.811767578125
6878,2019-02-21,2751.801,2778.231689453125
6879,2019-02-22,2804.2259999999997,2768.01123046875
6880,2019-02-25,2961.283,2820.87841796875
6881,2019-02-26,2941.5159999999996,2985.866455078125
6882,2019-02-27,2953.824,2967.010986328125
6883,2019-02-28,2940.953,2977.850830078125
6884,2019-03-01,2994.005,2962.759521484375
6885,2019-03-04,3027.575,3019.88525390625
6886,2019-03-05,3054.2459999999996,3053.559814453125
6887,2019-03-06,3102.099,3081.17333984375
6888,2019-03-07,3106.417,3132.046142578125
6889,2019-03-08,2969.861,3138.737548828125
6890,2019-03-11,3026.992,2990.2265625
6891,2019-03-12,3060.3070000000002,3036.089111328125
6892,2019-03-13,3026.9509999999996,3067.80908203125
6893,2019-03-14,2990.685,3032.557373046875
6894,2019-03-15,3021.7509999999997,2994.343017578125
6895,2019-03-18,3096.417,3023.632080078125
6896,2019-03-19,3090.975,3099.88037109375
6897,2019-03-20,3090.64,3094.324951171875
6898,2019-03-21,3101.455,3090.42041015625
6899,2019-03-22,3104.1479999999997,3101.73095703125
6900,2019-03-25,3043.031,3113.41015625
6901,2019-03-26,2997.095,3048.600830078125
6902,2019-03-27,3022.719,2995.379150390625
6903,2019-03-28,2994.9429999999998,3020.496826171875
6904,2019-03-29,3090.758,2993.010498046875
6905,2019-04-01,3170.361,3092.07958984375
6906,2019-04-02,3176.822,3174.0966796875
6907,2019-04-03,3216.295,3182.742431640625
6908,2019-04-04,3246.571,3227.31298828125
6909,2019-04-08,3244.81,3259.44775390625
6910,2019-04-09,3239.663,3258.594482421875
6911,2019-04-10,3241.929,3257.360595703125
6912,2019-04-11,3189.961,3263.70751953125
6913,2019-04-12,3188.625,3208.212158203125
6914,2019-04-15,3177.7859999999996,3204.873291015625
6915,2019-04-16,3253.597,3187.830078125
6916,2019-04-17,3263.117,3261.408447265625
6917,2019-04-18,3250.2009999999996,3269.5185546875
6918,2019-04-19,3270.797,3253.701904296875
6919,2019-04-22,3215.042,3272.71044921875
6920,2019-04-23,3198.593,3213.32421875
6921,2019-04-24,3201.613,3194.887939453125
6922,2019-04-25,3123.8259999999996,3197.748291015625
6923,2019-04-26,3086.3979999999997,3118.618408203125
6924,2019-04-29,3062.498,3079.474365234375
6925,2019-04-30,3078.3379999999997,3053.716796875
6926,2019-05-06,2906.4640000000004,3066.0146484375
6927,2019-05-07,2926.39,2884.04833984375
6928,2019-05-08,2893.756,2900.3720703125
6929,2019-05-09,2850.953,2863.312255859375
6930,2019-05-10,2939.21,2818.812255859375
6931,2019-05-13,2903.7129999999997,2909.6669921875
6932,2019-05-14,2883.61,2874.7646484375
6933,2019-05-15,2938.678,2858.8544921875
6934,2019-05-16,2955.711,2920.727783203125
6935,2019-05-17,2882.296,2942.811279296875
6936,2019-05-20,2870.6040000000003,2869.184814453125
6937,2019-05-21,2905.968,2864.873046875
6938,2019-05-22,2891.704,2903.840087890625
6939,2019-05-23,2852.515,2890.6796875
6940,2019-05-24,2852.994,2851.998779296875
6941,2019-05-27,2892.3779999999997,2847.495849609375
6942,2019-05-28,2909.91,2889.263427734375
6943,2019-05-29,2914.696,2909.4951171875
6944,2019-05-30,2905.805,2912.56396484375
6945,2019-05-31,2898.696,2904.139404296875
6946,2019-06-03,2890.08,2899.05810546875
6947,2019-06-04,2862.28,2892.794189453125
6948,2019-06-05,2861.4179999999997,2861.75927734375
6949,2019-06-06,2827.797,2861.458984375
6950,2019-06-10,2852.13,2828.55908203125
6951,2019-06-11,2925.716,2854.358154296875
6952,2019-06-12,2909.3790000000004,2929.762451171875
6953,2019-06-13,2910.74,2911.96728515625
6954,2019-06-14,2881.974,2913.2802734375
6955,2019-06-17,2887.6220000000003,2882.39404296875
6956,2019-06-18,2890.158,2887.36279296875
6957,2019-06-19,2917.802,2890.3349609375
6958,2019-06-20,2987.118,2921.534912109375
6959,2019-06-21,3001.98,2996.713623046875
6960,2019-06-24,3008.147,3016.95263671875
6961,2019-06-25,2982.073,3024.423095703125
6962,2019-06-26,2976.283,2993.39013671875
6963,2019-06-27,2996.792,2985.35595703125
6964,2019-06-28,2978.8779999999997,3005.624267578125
6965,2019-07-01,3044.902,2987.9140625
6966,2019-07-02,3043.942,3057.429931640625
6967,2019-07-03,3015.263,3057.4208984375
6968,2019-07-04,3005.248,3025.92333984375
6969,2019-07-05,3011.058,3009.79931640625
6970,2019-07-08,2933.363,3013.306884765625
6971,2019-07-09,2928.2290000000003,2931.3916015625
6972,2019-07-10,2915.302,2925.023193359375
6973,2019-07-11,2917.76,2910.267333984375
6974,2019-07-12,2930.546,2910.433837890625
6975,2019-07-15,2942.185,2924.58251953125
6976,2019-07-16,2937.616,2933.737548828125
6977,2019-07-17,2931.692,2928.61865234375
6978,2019-07-18,2901.176,2924.638671875
6979,2019-07-19,2924.2,2893.540283203125
6980,2019-07-22,2886.974,2917.591796875
6981,2019-07-23,2899.9440000000004,2881.64013671875
6982,2019-07-24,2923.277,2896.10693359375
6983,2019-07-25,2937.36,2921.393798828125
6984,2019-07-26,2944.5409999999997,2937.695556640625
6985,2019-07-29,2941.007,2945.315673828125
6986,2019-07-30,2952.3379999999997,2941.749755859375
6987,2019-07-31,2932.505,2953.881103515625
6988,2019-08-01,2908.7659999999996,2933.325439453125
6989,2019-08-02,2867.837,2909.518798828125
6990,2019-08-05,2821.495,2864.6845703125
6991,2019-08-06,2777.555,2816.3515625
6992,2019-08-07,2768.679,2768.859619140625
6993,2019-08-08,2794.552,2757.18017578125
6994,2019-08-09,2774.7529999999997,2782.34326171875
6995,2019-08-12,2814.994,2761.032470703125
6996,2019-08-13,2797.259,2802.732666015625
6997,2019-08-14,2808.914,2784.43115234375
6998,2019-08-15,2815.797,2797.214111328125
6999,2019-08-16,2823.823,2807.06982421875
7000,2019-08-19,2883.0959999999995,2818.425048828125
7001,2019-08-20,2880.0009999999997,2885.649658203125
7002,2019-08-21,2880.33,2888.5029296875
7003,2019-08-22,2883.435,2892.060791015625
7004,2019-08-23,2897.425,2894.948486328125
7005,2019-08-26,2863.567,2909.507568359375
7006,2019-08-27,2902.1929999999998,2871.66748046875
7007,2019-08-28,2893.756,2910.88720703125
7008,2019-08-29,2890.9190000000003,2901.230712890625
7009,2019-08-30,2886.236,2897.35205078125
7010,2019-09-02,2924.1059999999998,2891.292236328125
7011,2019-09-03,2930.153,2927.845458984375
7012,2019-09-04,2957.4109999999996,2934.820556640625
7013,2019-09-05,2985.864,2964.787353515625
7014,2019-09-06,2999.6009999999997,2995.876708984375
7015,2019-09-09,3024.738,3011.51953125
7016,2019-09-10,3021.202,3039.463623046875
7017,2019-09-11,3008.8109999999997,3035.275634765625
7018,2019-09-12,3031.235,3021.290771484375
7019,2019-09-16,3030.7540000000004,3044.26806640625
7020,2019-09-17,2978.117,3044.1337890625
7021,2019-09-18,2985.658,2986.344970703125
7022,2019-09-19,2999.278,2991.225341796875
7023,2019-09-20,3006.446,3002.70361328125
7024,2019-09-23,2977.0759999999996,3008.021484375
7025,2019-09-24,2985.34,2975.209716796875
7026,2019-09-25,2955.4320000000002,2981.689697265625
7027,2019-09-26,2929.087,2950.01123046875
7028,2019-09-27,2932.167,2922.92724609375
7029,2019-09-30,2905.1890000000003,2924.070068359375
7030,2019-10-08,2913.57,2895.958740234375
7031,2019-10-09,2924.8559999999998,2906.583740234375
7032,2019-10-10,2947.71,2918.9658203125
7033,2019-10-11,2973.655,2942.723876953125
7034,2019-10-14,3007.883,2970.392578125
7035,2019-10-15,2991.045,3008.29296875
7036,2019-10-16,2978.712,2992.13232421875
7037,2019-10-17,2977.3340000000003,2980.44580078125
7038,2019-10-18,2938.1409999999996,2980.777099609375
7039,2019-10-21,2939.617,2940.1220703125
7040,2019-10-22,2954.3790000000004,2941.73974609375
7041,2019-10-23,2941.618,2956.8779296875
7042,2019-10-24,2940.921,2942.88671875
7043,2019-10-25,2954.9320000000002,2940.931884765625
7044,2019-10-28,2980.0490000000004,2953.2255859375
7045,2019-10-29,2954.176,2977.982666015625
7046,2019-10-30,2939.32,2951.61572265625
7047,2019-10-31,2929.0559999999996,2936.5546875
7048,2019-11-01,2958.199,2925.885009765625
7049,2019-11-04,2975.491,2958.52294921875
7050,2019-11-05,2991.562,2978.315185546875
7051,2019-11-06,2978.595,2995.5361328125
7052,2019-11-07,2978.7140000000004,2983.73193359375
7053,2019-11-08,2964.184,2983.867431640625
7054,2019-11-11,2909.974,2967.658935546875
7055,2019-11-12,2914.823,2907.69580078125
7056,2019-11-13,2905.24,2911.14501953125
7057,2019-11-14,2909.869,2901.25537109375
7058,2019-11-15,2891.343,2905.864013671875
7059,2019-11-18,2909.2,2885.390380859375
7060,2019-11-19,2933.99,2902.616943359375
7061,2019-11-20,2911.053,2928.615966796875
7062,2019-11-21,2903.637,2905.471923828125
7063,2019-11-22,2885.288,2898.217041015625
7064,2019-11-25,2906.1679999999997,2880.00537109375
7065,2019-11-26,2907.06,2904.364013671875
7066,2019-11-27,2903.1940000000004,2906.40185546875
7067,2019-11-28,2889.6929999999998,2902.6552734375
7068,2019-11-29,2871.9809999999998,2889.023681640625
7069,2019-12-02,2875.8070000000002,2871.079833984375
7070,2019-12-03,2884.698,2874.203857421875
7071,2019-12-04,2878.115,2881.221435546875
7072,2019-12-05,2899.468,2874.848388671875
7073,2019-12-06,2912.013,2897.708251953125
7074,2019-12-09,2914.4770000000003,2912.039306640625
7075,2019-12-10,2917.315,2914.800537109375
7076,2019-12-11,2924.417,2918.094970703125
7077,2019-12-12,2915.698,2927.091552734375
7078,2019-12-13,2967.676,2919.3583984375
7079,2019-12-16,2984.3920000000003,2975.887451171875
7080,2019-12-17,3022.421,2995.406982421875
7081,2019-12-18,3017.0440000000003,3036.134765625
7082,2019-12-19,3017.065,3031.036865234375
7083,2019-12-20,3004.937,3029.376953125
7084,2019-12-23,2962.7509999999997,3015.123291015625
7085,2019-12-24,2982.68,2969.52685546875
7086,2019-12-25,2981.88,2988.699951171875
7087,2019-12-26,3007.3540000000003,2987.228515625
7088,2019-12-27,3005.035,3014.109619140625
7089,2019-12-30,3040.0229999999997,3009.78759765625
7090,2019-12-31,3050.1240000000003,3044.942138671875
7091,2020-01-02,3085.197,3054.0810546875
7092,2020-01-03,3083.785,3091.372802734375
7093,2020-01-06,3083.408,3091.344970703125
7094,2020-01-07,3104.801,3092.4560546875
7095,2020-01-08,3066.8920000000003,3117.348876953125
7096,2020-01-09,3094.881,3077.684326171875
7097,2020-01-10,3092.29,3105.65478515625
7098,2020-01-13,3115.5690000000004,3101.68310546875
7099,2020-01-14,3106.82,3125.430908203125
7100,2020-01-15,3090.0370000000003,3114.74755859375
7101,2020-01-16,3074.0809999999997,3094.80810546875
7102,2020-01-17,3075.495,3074.876708984375
7103,2020-01-20,3095.7870000000003,3074.424072265625
7104,2020-01-21,3052.1409999999996,3094.73095703125
7105,2020-01-22,3060.7540000000004,3048.350830078125
7106,2020-01-23,2976.528,3058.24462890625
7107,2020-02-03,2746.605,2969.9111328125
7108,2020-02-04,2783.2870000000003,2728.37060546875
7109,2020-02-05,2818.087,2760.481201171875
7110,2020-02-06,2866.509,2792.887451171875
7111,2020-02-07,2875.9629999999997,2842.08984375
7112,2020-02-10,2890.487,2853.903076171875
7113,2020-02-11,2901.6740000000004,2870.368896484375
7114,2020-02-12,2926.8990000000003,2883.51513671875
7115,2020-02-13,2906.073,2912.804931640625
7116,2020-02-14,2917.007,2892.90966796875
7117,2020-02-17,2983.6220000000003,2909.875732421875
7118,2020-02-18,2984.9709999999995,2996.912353515625
7119,2020-02-19,2975.401,3004.283203125
7120,2020-02-20,3030.1540000000005,2993.01513671875
7121,2020-02-21,3039.6690000000003,3046.612060546875
7122,2020-02-24,3031.2329999999997,3055.272705078125
7123,2020-02-25,3013.05,3045.380859375
7124,2020-02-26,2987.928,3023.61767578125
7125,2020-02-27,2991.328,2994.60498046875
7126,2020-02-28,2880.303,2997.469970703125
7127,2020-03-02,2970.9309999999996,2878.872802734375
7128,2020-03-03,2992.8959999999997,2968.337890625
7129,2020-03-04,3011.665,2992.431640625
7130,2020-03-05,3071.677,3015.366943359375
7131,2020-03-06,3034.511,3078.003662109375
7132,2020-03-09,2943.2907,3039.120361328125
7133,2020-03-10,2996.7618,2942.568359375
7134,2020-03-11,2968.5174,2997.508056640625
7135,2020-03-12,2923.4856,2967.908203125
7136,2020-03-13,2887.4265,2919.53759765625
7137,2020-03-16,2789.2537,2885.47216796875
7138,2020-03-17,2779.6407,2779.30810546875
7139,2020-03-18,2728.7563,2764.28955078125
7140,2020-03-19,2702.1296,2708.754638671875
7141,2020-03-20,2745.6182,2675.42626953125
7142,2020-03-23,2660.1674,2718.96435546875
7143,2020-03-24,2722.4381,2634.041748046875
7144,2020-03-25,2781.5913,2696.534423828125
7145,2020-03-26,2764.9109,2760.09716796875
7146,2020-03-27,2772.2033,2747.8359375
7147,2020-03-30,2747.2138,2761.087646484375
7148,2020-03-31,2750.2962,2743.031005859375
7149,2020-04-01,2734.5215,2749.828125
7150,2020-04-02,2780.6379,2736.823974609375
7151,2020-04-03,2763.9874,2786.8564453125
7152,2020-04-07,2820.7634,2767.2333984375
7153,2020-04-08,2815.3686,2830.16455078125
7154,2020-04-09,2825.9036,2823.51513671875
7155,2020-04-10,2796.6312,2831.39501953125
7156,2020-04-13,2783.0476,2799.955322265625
7157,2020-04-14,2827.283,2784.1806640625
7158,2020-04-15,2811.1741,2832.87939453125
7159,2020-04-16,2819.935,2817.7568359375
7160,2020-04-17,2838.4945,2828.43603515625
7161,2020-04-20,2852.5528,2847.013427734375
7162,2020-04-21,2827.0133,2861.622802734375
7163,2020-04-22,2843.9804,2833.1533203125
7164,2020-04-23,2838.4994,2849.31689453125
7165,2020-04-24,2808.5293,2843.185302734375
7166,2020-04-27,2815.4947,2811.9443359375
7167,2020-04-28,2810.0243,2818.67431640625
7168,2020-04-29,2822.4424,2810.16064453125
7169,2020-04-30,2860.0822,2822.4033203125
7170,2020-05-06,2878.1402,2862.2119140625
7171,2020-05-07,2871.5232,2881.115478515625
7172,2020-05-08,2895.3444,2874.522216796875
7173,2020-05-11,2894.802,2900.887939453125
7174,2020-05-12,2891.5564,2901.420166015625
7175,2020-05-13,2898.0495,2897.450439453125
7176,2020-05-14,2870.3422,2906.117431640625
7177,2020-05-15,2868.4587,2877.2646484375
7178,2020-05-18,2875.4176,2874.40380859375
7179,2020-05-19,2898.5759999999996,2880.962646484375
7180,2020-05-20,2883.7378,2902.549560546875
7181,2020-05-21,2867.9237,2886.292236328125
7182,2020-05-22,2813.7654,2868.685546875
7183,2020-05-25,2817.9697,2809.4736328125
7184,2020-05-26,2846.5473,2811.869140625
7185,2020-05-27,2836.8036,2840.751708984375
7186,2020-05-28,2846.2217,2830.660400390625
7187,2020-05-29,2852.3512,2842.43896484375
7188,2020-06-01,2915.4311,2850.35302734375
7189,2020-06-02,2921.3979999999997,2917.14306640625
7190,2020-06-03,2923.3711,2924.9736328125
7191,2020-06-04,2919.2506,2927.853759765625
7192,2020-06-05,2930.7993,2925.426025390625
7193,2020-06-08,2937.7712,2940.947998046875
7194,2020-06-09,2956.1116,2949.187255859375
7195,2020-06-10,2943.7525,2967.3095703125
7196,2020-06-11,2920.8968,2953.857177734375
7197,2020-06-12,2919.7408,2928.845458984375
7198,2020-06-15,2890.0306,2926.1923828125
7199,2020-06-16,2931.7493,2890.790771484375
7200,2020-06-17,2935.873,2932.006103515625
7201,2020-06-18,2939.3151,2936.406005859375
7202,2020-06-19,2967.6341,2939.89404296875
7203,2020-06-22,2965.2717,2970.147216796875
7204,2020-06-23,2970.6203,2968.359375
7205,2020-06-24,2979.5505,2973.930419921875
7206,2020-06-29,2961.5164,2984.191162109375
7207,2020-06-30,2984.6741,2966.659423828125
7208,2020-07-01,3025.9809999999998,2991.6630859375
7209,2020-07-02,3090.5693,3037.3828125
7210,2020-07-03,3152.8126,3104.9794921875
7211,2020-07-06,3332.8807,3171.42724609375
7212,2020-07-07,3345.3369,3364.62255859375
7213,2020-07-08,3403.4401,3382.613037109375
7214,2020-07-09,3450.5935,3446.600830078125
7215,2020-07-10,3383.3222,3497.1298828125
7216,2020-07-13,3443.2863,3426.3408203125
7217,2020-07-14,3414.6186,3487.88916015625
7218,2020-07-15,3361.3044,3455.307861328125
7219,2020-07-16,3210.0986,3394.20458984375
7220,2020-07-17,3214.1287,3225.116943359375
7221,2020-07-20,3314.1490000000003,3217.275390625
7222,2020-07-21,3320.8947,3309.422119140625
7223,2020-07-22,3333.1635,3314.79248046875
7224,2020-07-23,3325.1102,3325.641845703125
7225,2020-07-24,3196.7684,3314.379150390625
7226,2020-07-27,3205.2268,3182.8203125
7227,2020-07-28,3227.9604,3187.341796875
7228,2020-07-29,3294.5521,3209.97607421875
7229,2020-07-30,3286.822,3283.640869140625
7230,2020-07-31,3310.0065,3287.04345703125
7231,2020-08-03,3367.9658,3317.181396484375
7232,2020-08-04,3371.6875,3374.9326171875
7233,2020-08-05,3377.5648,3378.289794921875
7234,2020-08-06,3386.4631,3382.481201171875
7235,2020-08-07,3354.0352,3391.35302734375
7236,2020-08-10,3379.2524,3363.7578125
7237,2020-08-11,3340.29,3391.992919921875
7238,2020-08-12,3319.2656,3350.0458984375
7239,2020-08-13,3320.7261,3321.9462890625
7240,2020-08-14,3360.0988,3321.73681640625
7241,2020-08-17,3438.801,3363.0537109375
7242,2020-08-18,3451.0894,3445.1337890625
7243,2020-08-19,3408.1288,3459.678955078125
7244,2020-08-20,3363.8988,3414.313720703125
7245,2020-08-21,3380.6825,3365.68505859375
7246,2020-08-24,3385.6383,3382.8447265625
7247,2020-08-25,3373.5781,3387.0947265625
7248,2020-08-26,3329.7388,3376.61328125
7249,2020-08-27,3350.1128,3332.2060546875
7250,2020-08-28,3403.8066,3352.489501953125
7251,2020-08-31,3395.6775,3406.71484375
7252,2020-09-01,3410.6068,3394.273681640625
7253,2020-09-02,3404.8017,3407.040771484375
7254,2020-09-03,3384.9806,3403.153564453125
7255,2020-09-04,3355.3666,3384.37353515625
7256,2020-09-07,3292.5907,3353.51025390625
7257,2020-09-08,3316.417,3286.381591796875
7258,2020-09-09,3254.6279,3310.846435546875
7259,2020-09-10,3234.8234,3248.38134765625
7260,2020-09-11,3260.3461,3225.781005859375
7261,2020-09-14,3278.8138,3249.2763671875
7262,2020-09-15,3295.6795,3268.509521484375
7263,2020-09-16,3283.9244,3285.49560546875
7264,2020-09-17,3270.435,3273.1025390625
7265,2020-09-18,3338.0897,3259.632568359375
7266,2020-09-21,3316.9351,3333.11376953125
7267,2020-09-22,3274.3015,3316.65478515625
7268,2020-09-23,3279.7105,3273.03125
7269,2020-09-24,3223.1764,3281.291259765625
7270,2020-09-25,3219.4179,3224.321044921875
7271,2020-09-28,3217.5346,3217.896728515625
7272,2020-09-29,3224.3593,3213.40966796875
7273,2020-09-30,3218.0521,3217.913330078125
7274,2020-10-09,3272.0762,3211.77734375
7275,2020-10-12,3358.4652,3268.76123046875
7276,2020-10-13,3359.7499,3357.455078125
7277,2020-10-14,3340.7782,3362.543701171875
7278,2020-10-15,3332.1832,3347.28173828125
7279,2020-10-16,3336.3582,3340.044677734375
7280,2020-10-19,3312.6671,3347.6845703125
7281,2020-10-20,3328.1029,3324.334716796875
7282,2020-10-21,3325.0247,3340.561279296875
7283,2020-10-22,3312.5005,3336.33837890625
7284,2020-10-23,3277.9972,3321.71337890625
7285,2020-10-26,3251.1188,3281.593994140625
7286,2020-10-27,3254.3157,3246.3154296875
7287,2020-10-28,3269.238,3246.24072265625
7288,2020-10-29,3272.7274,3261.43408203125
7289,2020-10-30,3224.5325,3265.18212890625
7290,2020-11-02,3225.1196,3215.51806640625
7291,2020-11-03,3271.0744,3216.7109375
7292,2020-11-04,3277.4402,3265.406982421875
7293,2020-11-05,3320.1333,3273.413818359375
7294,2020-11-06,3312.159,3320.375244140625
7295,2020-11-09,3373.7337,3316.4375
7296,2020-11-10,3360.1485,3384.745361328125
7297,2020-11-11,3342.2025,3371.846923828125
7298,2020-11-12,3338.6788,3351.182861328125
7299,2020-11-13,3310.1046,3346.2666015625
7300,2020-11-16,3346.9692,3317.788330078125
7301,2020-11-17,3339.895,3356.4189453125
7302,2020-11-18,3347.3034,3346.69384765625
7303,2020-11-19,3363.0876,3353.3740234375
7304,2020-11-20,3377.7267,3367.6845703125
7305,2020-11-23,3414.4899,3382.745849609375
7306,2020-11-24,3402.8225,3419.217041015625
7307,2020-11-25,3362.3274,3407.92041015625
7308,2020-11-26,3369.7334,3366.941650390625
7309,2020-11-27,3408.3071,3374.473388671875
7310,2020-11-30,3391.7551,3416.2255859375
